1003	http://www.stat-nba.com/player/1003.html	A	安德烈-埃梅特	Andre Emmett	1982-08-27 00:00:00	德州达拉斯	David W. Carter in Dallas, Texas	Texas Tech University	前锋	1.96	104	14	2004年第2轮第6顺位被选中
1051	http://www.stat-nba.com/player/1051.html	A	艾尔-艾伯哈德	Al Eberhard	1952-05-10 00:00:00	爱荷华州锡达拉皮兹	Springville in Springville, Iowa	University of Missouri	前锋	1.98	102	44	1974年第1轮第15顺位被选中
1058	http://www.stat-nba.com/player/1058.html	A	阿西-厄尔	Acie Earl	1970-06-23 00:00:00	伊利诺伊州皮奥里亚	Moline in Moline, Illinois	University of Iowa	前锋-中锋	2.08	109	55	1993年第1轮第19顺位被选中
1082	http://www.stat-nba.com/player/1082.html	A	安东尼-弗瑞德里克	Anthony Frederick	1964-12-07 00:00:00	加州洛杉矶	Gardena in Gardena, California	Pepperdine University	前锋	2.01	93	22,24,41	1986年第6轮第17顺位被选中
1091	http://www.stat-nba.com/player/1091.html	A	阿多纳尔-福耶尔	Adonal Foyle	1975-03-09 00:00:00	圣文森特和格林纳丁斯卡努安	Hamilton Central in Hamilton, New York	Colgate University	中锋	2.08	113	30,31	1997年第1轮第8顺位被选中
110	http://www.stat-nba.com/player/110.html	A	阿莱克西-阿金萨	Alexis Ajinca	1988-05-06 00:00:00	法国圣埃蒂安	暂无信息	暂无信息	中锋	2.13	112	8,12,21,42	2008年第1轮第20顺位被选中
1100	http://www.stat-nba.com/player/1100.html	A	安东尼斯-福特西斯	Antonis Fotsis	1981-04-01 00:00:00	希腊雅典	暂无信息	暂无信息	前锋	2.08	99	6	2001年第2轮第19顺位被选中
1119	http://www.stat-nba.com/player/1119.html	A	阿尔顿-福特	Alton Ford	1981-05-29 00:00:00	得克萨斯州休斯敦	Milby in Houston, Texas	University of Houston	前锋	2.06	125	1,4	2001年第2轮第22顺位被选中
1120	http://www.stat-nba.com/player/1120.html	A	阿尔冯索-福特	Alphonso Ford	1971-10-31 00:00:00	密西西比州格林伍德	Amanda Elzy in Greenwood, Mississippi	Mississippi Valley State University	后卫	1.85	86	3,8	1993年第2轮第5顺位被选中
1134	http://www.stat-nba.com/player/1134.html	A	艾尔-弗莱明	Al Fleming	1954-04-05 00:00:00	伊利诺伊州芝加哥	暂无信息	University of Arizona	前锋	2.01	98	30	1976年第2轮第13顺位被选中
1155	http://www.stat-nba.com/player/1155.html	A	阿尔尼-菲林	Arnie Ferrin	1925-07-29 00:00:00	犹他州盐湖城	Ogden in Ogden, Utah	University of Utah	前锋-后卫	1.88	82	18	非选秀球员
1158	http://www.stat-nba.com/player/1158.html	A	艾尔-法拉利	Al Ferrari	1933-07-06 00:00:00	纽约纽约	Brooklyn Technical in Brooklyn, New York	Michigan State University	后卫-前锋	1.93	86	11,22,26	1955年第3轮第1顺位被选中
116	http://www.stat-nba.com/player/116.html	A	阿隆-阿弗拉罗	Arron Afflalo	1985-10-15 00:00:00	加州洛杉矶	Centennial in Compton, California	University of California, Los Angeles	后卫	1.96	98	4,6,10,28,40	2007年第1轮第27顺位被选中
1187	http://www.stat-nba.com/player/1187.html	A	A.J.-盖顿	A.J. Guyton	1978-02-12 00:00:00	伊利诺伊州皮奥里亚	Central in Peoria, Illinois	Indiana University	后卫	1.85	82	11	2000年第2轮第3顺位被选中
1190	http://www.stat-nba.com/player/1190.html	A	艾尔-古奥卡斯	Al Guokas	1925-08-07 00:00:00	暂无信息	Saint Joseph's Preparatory School in Philadelphia, Pennsylvania	Saint Joseph's University	前锋-后卫	1.96	91	11,21	非选秀球员
1194	http://www.stat-nba.com/player/1194.html	A	安德烈斯-吉波特	Andres Guibert	1968-10-28 00:00:00	古巴哈瓦那	Manuel Fajardo in Havana, Cuba	暂无信息	前锋-中锋	2.08	102	51	非选秀球员
1200	http://www.stat-nba.com/player/1200.html	A	安东尼-格兰迪	Anthony Grundy	1979-04-15 00:00:00	肯塔基州路易斯维尔	Warren Central in Bowling Green, Kentucky	North Carolina State University	后卫	1.91	82	16	非选秀球员
1202	http://www.stat-nba.com/player/1202.html	A	艾利克斯-戈洛加	Alex Groza	1926-10-07 00:00:00	俄亥俄州马丁斯轮	Martins Ferry in Martins Ferry, Ohio	University of Kentucky	中锋	2.01	99	15	1949年第1轮第2顺位被选中
1216	http://www.stat-nba.com/player/1216.html	A	阿德里安-格里芬	Adrian Griffin	1974-07-04 00:00:00	堪萨斯州威奇托	Wichita East in Wichita, Kansas	Seton Hall University	后卫-前锋	1.96	98	7,44	非选秀球员
124	http://www.stat-nba.com/player/124.html	A	阿尔万-亚当斯	Alvan Adams	1954-07-19 00:00:00	堪萨斯州劳伦斯	Putnam City in Warr Acres, Oklahoma	University of Oklahoma	中锋-前锋	2.06	95	33 [33]在退役	1975年第1轮第4顺位被选中
1248	http://www.stat-nba.com/player/1248.html	A	A.C.-格林	A.C. Green	1963-10-04 00:00:00	俄勒冈州波特兰	Benson Polytechnic in Portland, Oregon	Oregon State University	前锋-中锋	2.06	100	45	1985年第1轮第23顺位被选中
1259	http://www.stat-nba.com/player/1259.html	A	阿隆-格雷	Aaron Gray	1984-12-07 00:00:00	加州塔扎纳	Emmaus in Emmaus, Pennsylvania	University of Pittsburgh	中锋	2.13	122	33,34	2007年第2轮第19顺位被选中
128	http://www.stat-nba.com/player/128.html	A	亚利克斯-阿克	Alex Acker	1983-01-21 00:00:00	加州康普顿	Eisenhower in Rialto, California	Pepperdine University	后卫	1.96	84	3,6	2005年第2轮第30顺位被选中
1286	http://www.stat-nba.com/player/1286.html	A	安德鲁-古德洛克	Andrew Goudelock	1988-12-07 00:00:00	佐治亚州盖恩斯维尔	Stone Mountain in Stone Mountain, Georgia	College of Charleston	后卫	1.91	91	0	2011年第2轮第16顺位被选中
1300	http://www.stat-nba.com/player/1300.html	A	安东尼-戈尔德怀尔	Anthony Goldwire	1971-09-06 00:00:00	佛罗里达州西棕榈滩	Suncoast in Riviera Beach, Florida	University of Houston	后卫	1.85	83	4,5,7,9,15	1994年第2轮第25顺位被选中
1305	http://www.stat-nba.com/player/1305.html	A	安德雷斯-格林艾德基斯	Andreas Glyniadakis	1981-08-21 00:00:00	希腊哈尼亚	暂无信息	暂无信息	中锋	2.16	127	11	2003年第2轮第29顺位被选中
1319	http://www.stat-nba.com/player/1319.html	A	阿尔提斯-吉尔莫尔	Artis Gilmore	1949-09-21 00:00:00	佛罗里达奇普利	Carver in Dothan, Alabama	Jacksonville University	中锋	2.18	109	53	1971年第7轮第15顺位被选中
1321	http://www.stat-nba.com/player/1321.html	A	阿尔蒙-吉列姆	Armen Gilliam	1964-05-28 00:00:00	宾夕法尼亚州匹兹堡	Bethel Park in Bethel Park, Pennsylvania	University of Nevada, Las Vegas	前锋-中锋	2.06	104	5,10,35,43,45	1987年第1轮第2顺位被选中
1347	http://www.stat-nba.com/player/1347.html	A	阿隆佐-基	Alonzo Gee	1987-05-29 00:00:00	佛罗里达州的海滨沙滩	William T. Dwyer in Palm Beach Gardens, Florida	University of Alabama	后卫	1.98	99	1,7,15,23,24,33	非选秀球员
1349	http://www.stat-nba.com/player/1349.html	A	安德鲁-盖兹	Andrew Gaze	1965-07-24 00:00:00	澳洲墨尔本	Albert Park in Melbourne, Australia	Seton Hall University	后卫	2.01	93	4,10	非选秀球员
138	http://www.stat-nba.com/player/138.html	A	阿拉拉-阿布德纳比	Alaa Abdelnaby	1968-06-24 00:00:00	埃及开罗	Bloomfield in Bloomfield, New Jersey	Duke University	前锋-中锋	2.08	109	4,5,30,31	1990年第1轮第25顺位被选中
1381	http://www.stat-nba.com/player/1381.html	A	艾里克斯-加西亚	Alex Garcia	1980-03-04 00:00:00	巴西奥兰迪亚	暂无信息	暂无信息	后卫	1.91	100	10,20	非选秀球员
14	http://www.stat-nba.com/player/14.html	A	阿尔-阿特尔斯	Al Attles	1936-11-07 00:00:00	新泽西州纽瓦克	Weequahic in Newark, New Jersey	North Carolina Agricultural and Technical State University	后卫	1.83	79	16 [16]在退役	1960年第5轮第7顺位被选中
1423	http://www.stat-nba.com/player/1423.html	A	阿尔弗莱德里克-休斯	Alfredrick Hughes	1962-07-19 00:00:00	伊利诺伊州芝加哥	Robeson in Chicago, Illinois	Loyola University of Chicago	前锋-后卫	1.96	98	6	1985年第1轮第14顺位被选中
144	http://www.stat-nba.com/player/144.html	A	安德鲁-拜纳姆	Andrew Bynum	1987-10-27 00:00:00	新泽西州平原市	Saint Joseph in Metuchen, New Jersey	暂无信息	中锋	2.13	129	17,21	2005年第1轮第10顺位被选中
1441	http://www.stat-nba.com/player/1441.html	A	阿兰-休斯顿	Allan Houston	1971-04-20 00:00:00	肯塔基州路易斯维尔	Ballard in Louisville, Kentucky	University of Tennessee	后卫	1.98	91	20	1993年第1轮第11顺位被选中
1451	http://www.stat-nba.com/player/1451.html	A	艾尔-霍福德	Al Horford	1986-06-03 00:00:00	多明尼加共和国普拉塔港	Grand Ledge in Grand Ledge, Michigan	University of Florida	中锋	2.08	111	15,42	2007年第1轮第3顺位被选中
1467	http://www.stat-nba.com/player/1467.html	A	A.W. Holt	A.W. Holt	1946-08-26 00:00:00	暂无信息	暂无信息	Jackson State University	前锋	2.01	95	6	非选秀球员
1495	http://www.stat-nba.com/player/1495.html	A	阿特-希尔豪斯	Art Hillhouse	1916-06-12 00:00:00	暂无信息	暂无信息	Long Island University	中锋	2.01	100	18	非选秀球员
1504	http://www.stat-nba.com/player/1504.html	A	阿尔蒙德-希尔	Armond Hill	1953-03-31 00:00:00	纽约布鲁克林	Bishop Ford in Brooklyn, New York	Princeton University	后卫	1.93	86	22,24	1976年第1轮第9顺位被选中
1519	http://www.stat-nba.com/player/1519.html	A	阿特-海曼	Art Heyman	1941-06-24 00:00:00	纽约纽约	Oceanside in Oceanside, New York	Duke University	前锋-后卫	1.96	93	4,12,21,32,35,40	1963年第1轮第1顺位被选中
153	http://www.stat-nba.com/player/153.html	A	拉素尔-巴特勒	Al Butler	1938-07-09 00:00:00	纽约罗切斯特	East in Rochester, New York	Niagara University	后卫	1.88	79	3,20,22	1961年第2轮第8顺位被选中
1538	http://www.stat-nba.com/player/1538.html	A	艾尔-亨利	Al Henry	1949-02-09 00:00:00	暂无信息	Hamilton in Memphis, Tennessee	University of Wisconsin	中锋	2.06	86	26	1970年第1轮第12顺位被选中
1551	http://www.stat-nba.com/player/1551.html	A	阿兰-亨德森	Alan Henderson	1972-12-02 00:00:00	印第安纳州印第安纳波利斯	Brebeuf Jesuit in Indianapolis, Indiana	Indiana University	前锋	2.06	107	44,50	1995年第1轮第16顺位被选中
1554	http://www.stat-nba.com/player/1554.html	A	阿尔文-赫格	Alvin Heggs	1967-12-12 00:00:00	佛罗里达州杰克逊维尔	Andrew Jackson in Jacksonville, Florida	University of Texas at Austin	前锋	2.03	102	55	非选秀球员
1591	http://www.stat-nba.com/player/1591.html	A	安东尼奥-哈维	Antonio Harvey	1970-07-06 00:00:00	密西西比州帕斯卡古拉	Pascagoula in Pascagoula, Mississippi	Pfeiffer University	前锋-中锋	2.11	102	4,24,34,40	非选秀球员
1607	http://www.stat-nba.com/player/1607.html	A	阿特-哈里斯	Art Harris	1947-01-13 00:00:00	暂无信息	Jordan in Los Angeles, California	Stanford University	后卫	1.93	84	12,23	1968年第2轮第2顺位被选中
1610	http://www.stat-nba.com/player/1610.html	A	艾尔-哈灵顿	Al Harrington	1980-02-17 00:00:00	新泽西州奥兰治	Saint Patrick in Elizabeth, New Jersey	暂无信息	前锋	2.06	104	3,7,25,32	1998年第1轮第25顺位被选中
1611	http://www.stat-nba.com/player/1611.html	A	亚当-哈灵顿	Adam Harrington	1980-07-05 00:00:00	马萨诸塞Bernardston的	Pioneer Valley Regional in Bernardston, Massachusetts	Auburn University	后卫	1.96	91	21	非选秀球员
162	http://www.stat-nba.com/player/162.html	A	阿特-贝尔雷斯	Art Burris	1924-04-07 00:00:00	暂无信息	暂无信息	University of Tennessee	前锋	1.96	100	12,15	非选秀球员
1625	http://www.stat-nba.com/player/1625.html	A	阿兰-哈迪	Alan Hardy	1957-05-25 00:00:00	密歇根州底特律	Northwestern in Detroit, Michigan	University of Michigan	前锋	2.01	88	24,25	非选秀球员
1630	http://www.stat-nba.com/player/1630.html	A	安芬尼-哈达威	Anfernee Hardaway	1971-07-18 00:00:00	田纳西州孟菲斯	Treadwell in Memphis, Tennessee	University of Memphis	后卫-前锋	2.01	88	1,7	1993年第1轮第3顺位被选中
1641	http://www.stat-nba.com/player/1641.html	A	艾利克斯-汉纳姆	Alex Hannum	1923-07-19 00:00:00	加州洛杉矶	Alexander Hamilton in Los Angeles, California	University of Southern California	前锋-中锋	2.01	95	4,6,10,11,18,20,33	非选秀球员
1675	http://www.stat-nba.com/player/1675.html	A	艾尔-海尔斯顿	Al Hairston	1945-12-11 00:00:00	暂无信息	Mount Clemens in Mount Clemens, Michigan	Bowling Green State University	后卫	1.85	77	25	1968年第5轮第2顺位被选中
1687	http://www.stat-nba.com/player/1687.html	A	阿伦-艾弗森	Allen Iverson	1975-06-07 00:00:00	弗吉尼亚州汉普顿	Bethel in Hampton, Virginia	Georgetown University	后卫	1.83	75	1,3 [3]在退役	1996年第1轮第1顺位被选中
170	http://www.stat-nba.com/player/170.html	A	安东尼奥-伯克斯	Antonio Burks	1980-02-25 00:00:00	田纳西州孟菲斯	Booker T. Washington in Memphis, Tennessee	University of Memphis	后卫	1.85	91	1	2004年第2轮第7顺位被选中
1701	http://www.stat-nba.com/player/1701.html	A	安德烈-伊格达拉	Andre Iguodala	1984-01-28 00:00:00	伊利诺伊州斯普林菲尔德	Lanphier in Springfield, Illinois	University of Arizona	后卫-前锋	1.98	94	4,9	2004年第1轮第9顺位被选中
171	http://www.stat-nba.com/player/171.html	A	亚历克-伯克斯	Alec Burks	1991-07-20 00:00:00	密苏里州正佳	Grandview in Grandview, Missouri	University of Colorado	后卫	1.98	96	10	2011年第1轮第12顺位被选中
1722	http://www.stat-nba.com/player/1722.html	A	阿多尼斯-乔丹	Adonis Jordan	1970-08-21 00:00:00	纽约布鲁克林	Cleveland in Los Angeles, California	University of Kansas	后卫	1.8	77	1,11	1993年第2轮第15顺位被选中
1765	http://www.stat-nba.com/player/1765.html	A	阿斯吉亚-琼斯	Askia Jones	1971-12-03 00:00:00	宾夕法尼亚州费城	Marshall in San Antonio, Texas	Kansas State University	后卫	1.96	91	2	非选秀球员
1766	http://www.stat-nba.com/player/1766.html	A	安东尼-琼斯	Anthony Jones	1962-09-13 00:00:00	华盛顿哥伦比亚特区	Dunbar in Washington, District of Columbia	University of Nevada, Las Vegas	后卫-前锋	1.98	88	11,21,22,44	1986年第1轮第21顺位被选中
1767	http://www.stat-nba.com/player/1767.html	A	埃尔文-琼斯	Alvin Jones	1978-09-09 00:00:00	卢森堡	Kathleen in Lakeland, Florida	Georgia Institute of Technology	前锋	2.11	120	0	2001年第2轮第28顺位被选中
1823	http://www.stat-nba.com/player/1823.html	A	艾弗里-约翰逊	Avery Johnson	1965-03-25 00:00:00	路易斯安那州新奥尔良	Saint Augustine in New Orleans, Louisiana	Southern University and A&M College	后卫	1.78	79	5,6,15 [6]在退役	非选秀球员
1824	http://www.stat-nba.com/player/1824.html	A	阿尔尼-约翰逊	Arnie Johnson	1920-05-17 00:00:00	明尼苏达Gonvick	暂无信息	Bemidji State University	前锋-中锋	1.96	107	12,17	非选秀球员
1825	http://www.stat-nba.com/player/1825.html	A	阿蒙-约翰逊	Armon Johnson	1989-02-23 00:00:00	伊利诺伊州芝加哥	Hug in Reno, Nevada	University of Nevada, Reno	后卫	1.91	88	1,7	2010年第2轮第4顺位被选中
1829	http://www.stat-nba.com/player/1829.html	A	安迪-约翰逊	Andy Johnson	1932-11-08 00:00:00	加州洛杉矶	North Hollywood in North Hollywood, California	University of Portland	前锋-后卫	1.96	98	12	非选秀球员
1830	http://www.stat-nba.com/player/1830.html	A	阿米尔-约翰逊	Amir Johnson	1987-05-01 00:00:00	加州洛杉矶	Westchester in Los Angeles, California	暂无信息	前锋	2.06	113	5,15,25,90	2005年第2轮第26顺位被选中
1831	http://www.stat-nba.com/player/1831.html	A	亚历山大-约翰逊	Alexander Johnson	1983-02-08 00:00:00	乔治亚州奥尔巴尼	Dougherty Comprehensive in Albany, Georgia	Florida State University	前锋	2.06	109	13,32	2006年第2轮第15顺位被选中
1846	http://www.stat-nba.com/player/1846.html	A	艾尔-杰弗森	Al Jefferson	1985-01-04 00:00:00	密西西比州蒙蒂塞洛	Prentiss in Prentiss, Mississippi	暂无信息	前锋	2.08	131	7,8,25	2004年第1轮第15顺位被选中
1849	http://www.stat-nba.com/player/1849.html	A	阿卜杜尔-吉拉尼	Abdul Jeelani	1954-02-10 00:00:00	田纳西州贝尔斯	Washington Park in Racine, Wisconsin	University of Wisconsin-Parkside	前锋-中锋	2.03	95	11	非选秀球员
1859	http://www.stat-nba.com/player/1859.html	A	安托万-贾米森	Antawn Jamison	1976-06-12 00:00:00	路易斯安那州什里夫波特	Providence in Charlotte, North Carolina	University of North Carolina	前锋	2.03	101	4,7,33	1998年第1轮第4顺位被选中
1868	http://www.stat-nba.com/player/1868.html	A	阿隆-詹姆斯	Aaron James	1952-10-05 00:00:00	路易斯安那州新奥尔良	Walter Cohen in New Orleans, Louisiana	Grambling State University	前锋	2.03	95	23	1974年第2轮第10顺位被选中
1898	http://www.stat-nba.com/player/1898.html	A	艾尔-杰克逊	Al Jackson	1943-07-29 00:00:00	俄亥俄州克利夫兰	Benedictine in Cleveland, Ohio	Wilberforce University	后卫	1.85	84	11	非选秀球员
1925	http://www.stat-nba.com/player/1925.html	A	阿尔维德-克拉默	Arvid Kramer	1956-10-02 00:00:00	明尼苏达州富尔达	Fulda in Fulda, Minnesota	Augustana College (SD)	中锋	2.06	100	41	1979年第3轮第1顺位被选中
1930	http://www.stat-nba.com/player/1930.html	A	安迪-科斯特卡	Andy Kostecka	1921-02-10 00:00:00	暂无信息	Bloomfield in Bloomfield, New Jersey	Georgetown University	前锋	1.91	92	70	非选秀球员
1969	http://www.stat-nba.com/player/1969.html	A	安德烈-基里连科	Andrei Kirilenko	1981-02-18 00:00:00	俄罗斯伊热夫斯克	Frunzenskaya Sport School in Saint Petersburg, Russian Federation	暂无信息	前锋	2.06	100	47	1999年第1轮第24顺位被选中
1987	http://www.stat-nba.com/player/1987.html	A	艾尔波特-金	Albert King	1959-12-17 00:00:00	纽约布鲁克林	Fort Hamilton in Brooklyn, New York	University of Maryland	前锋-后卫	1.98	86	15,17,55	1981年第1轮第10顺位被选中
2002	http://www.stat-nba.com/player/2002.html	A	亚历克-科斯勒	Alec Kessler	1967-01-13 00:00:00	明尼苏达州明尼阿波利斯	Roswell in Roswell, Georgia	University of Georgia	前锋-中锋	2.11	104	33	1990年第1轮第12顺位被选中
2022	http://www.stat-nba.com/player/2022.html	A	Arvesta Kelly	Arvesta Kelly	1945-11-20 00:00:00	密西西比州杰克逊	暂无信息	Lincoln University of Missouri	后卫	1.88	79	14,15,22	1967年第8轮第6顺位被选中
2029	http://www.stat-nba.com/player/2029.html	A	亚当-基费	Adam Keefe	1970-02-22 00:00:00	加州尔湾	Woodbridge in Irvine, California	Stanford University	前锋	2.06	104	31,32	1992年第1轮第10顺位被选中
2055	http://www.stat-nba.com/player/2055.html	A	艾尔-鲁亚克	Al Lujack	1921-10-05 00:00:00	暂无信息	Connellsville in Connellsville, Pennsylvania	Georgetown University 22	前锋	1.91	100	22	非选秀球员
2063	http://www.stat-nba.com/player/2063.html	A	艾尔-卢卡斯	Al Lucas	1922-07-04 00:00:00	暂无信息	暂无信息	Fordham University 20	前锋-后卫	1.91	88	20	非选秀球员
2084	http://www.stat-nba.com/player/2084.html	A	阿特-朗	Art Long	1972-10-01 00:00:00	纽约罗切斯特	East in Rochester, New York	University of Cincinnati	前锋	2.06	113	0,35,42	非选秀球员
2106	http://www.stat-nba.com/player/2106.html	A	阿尔顿-李斯特	Alton Lister	1958-10-01 00:00:00	德州达拉斯	Woodrow Wilson in Dallas, Texas	Arizona State University	中锋-前锋	2.13	109	53	1981年第1轮第21顺位被选中
2128	http://www.stat-nba.com/player/2128.html	A	安德鲁-勒瓦尼	Andrew Levane	1920-04-11 00:00:00	纽约布鲁克林	James Madison in Brooklyn, New York	St. John's University	前锋-后卫	1.88	86	3,13,14	非选秀球员
2160	http://www.stat-nba.com/player/2160.html	A	阿伦-里维尔	Allen Leavell	1957-05-27 00:00:00	印第安纳州曼西	Muncie Central in Muncie, Indiana	Oklahoma City University	后卫	1.85	77	30	1979年第5轮第16顺位被选中
2168	http://www.stat-nba.com/player/2168.html	A	阿西-劳	Acie Law	1985-01-25 00:00:00	德州达拉斯	Justin F. Kimball in Dallas, Texas	Texas A&M University	后卫	1.91	88	0,2,4	2007年第1轮第11顺位被选中
2187	http://www.stat-nba.com/player/2187.html	A	安东尼奥-朗	Antonio Lang	1972-05-15 00:00:00	阿拉巴马州莫比尔	LeFlore in Mobile, Alabama	Duke University	前锋-后卫	2.03	93	21,22,41	1994年第2轮第2顺位被选中
2188	http://www.stat-nba.com/player/2188.html	A	安德鲁-朗	Andrew Lang	1966-06-28 00:00:00	阿肯色州派恩布拉夫	Dollarway in Pine Bluff, Arkansas	University of Arkansas	中锋	2.11	111	28	1988年第2轮第3顺位被选中
2215	http://www.stat-nba.com/player/2215.html	A	安格洛-穆西	Angelo Musi	1918-07-25 00:00:00	暂无信息	暂无信息	Temple University	后卫	1.75	66	5	非选秀球员
2229	http://www.stat-nba.com/player/2229.html	A	阿伦-墨菲	Allen Murphy	1952-07-15 00:00:00	阿拉巴马伯明翰	A.H. Parker in Birmingham, Alabama	University of Louisville	后卫	1.96	86	20	1975年第2轮第17顺位被选中
2243	http://www.stat-nba.com/player/2243.html	A	阿朗佐-莫宁	Alonzo Mourning	1970-02-08 00:00:00	弗吉尼亚州切萨皮克	Indian River in Chesapeake, Virginia	Georgetown University	中锋	2.08	109	33 [33]在退役	1992年第1轮第2顺位被选中
2252	http://www.stat-nba.com/player/2252.html	A	安东尼-莫罗	Anthony Morrow	1985-09-27 00:00:00	北卡罗莱纳州夏洛特	Charlotte Latin in Charlotte, North Carolina	Georgia Institute of Technology	后卫	1.98	95	2,3,22,23	非选秀球员
2256	http://www.stat-nba.com/player/2256.html	A	亚当-莫里森	Adam Morrison	1984-07-19 00:00:00	蒙大拿州格伦代夫	Mead in Spokane, Washington	Gonzaga University	前锋	2.03	93	6,35	2006年第1轮第3顺位被选中
2281	http://www.stat-nba.com/player/2281.html	A	安德鲁-摩尔	Andre Moore	1964-07-02 00:00:00	伊利诺伊州芝加哥	Carver in Chicago, Illinois	Loyola University of Chicago	前锋	2.06	98	31,53	1987年第2轮第8顺位被选中
2334	http://www.stat-nba.com/player/2334.html	A	安东尼-米勒	Anthony Miller	1971-10-22 00:00:00	密歇根州本顿港	Benton Harbor in Benton Harbor, Michigan	Michigan State University	前锋	2.06	102	2,9,34,41	1994年第2轮第12顺位被选中
2335	http://www.stat-nba.com/player/2335.html	A	安德烈-米勒	Andre Miller	1976-03-19 00:00:00	加州洛杉矶	Verbum Dei in Los Angeles, California	University of Utah	后卫	1.88	91	7,22,24	1999年第1轮第8顺位被选中
2342	http://www.stat-nba.com/player/2342.html	A	阿隆-迈尔斯	Aaron Miles	1983-04-13 00:00:00	俄勒冈州波特兰	Jefferson in Portland, Oregon	University of Kansas	后卫	1.85	79	0	非选秀球员
2343	http://www.stat-nba.com/player/2343.html	A	艾尔-米克西斯	Al Miksis	1928-02-02 00:00:00	暂无信息	暂无信息	Western Illinois University	中锋	2.01	95	10	非选秀球员
236	http://www.stat-nba.com/player/236.html	A	安德烈-布朗	Andre Brown	1981-05-12 00:00:00	伊利诺伊州芝加哥	Leo in Chicago, Illinois	DePaul University	前锋	2.06	111	1,44	非选秀球员
2403	http://www.stat-nba.com/player/2403.html	A	阿隆-麦基	Aaron McKie	1972-10-02 00:00:00	宾夕法尼亚州费城	Simon Gratz in Philadelphia, Pennsylvania	Temple University	后卫	1.96	95	2,8,23	1994年第1轮第17顺位被选中
241	http://www.stat-nba.com/player/241.html	A	阿隆-布鲁克斯	Aaron Brooks	1985-01-14 00:00:00	华盛顿西雅图	Franklin in Seattle, Washington	University of Oregon	后卫	1.83	84	0,3,30	2007年第1轮第26顺位被选中
2417	http://www.stat-nba.com/player/2417.html	A	阿雷-麦克奎尔	Allie McGuire	1951-07-10 00:00:00	纽约纽约	暂无信息	Marquette University	后卫	1.91	79	16	1973年第3轮第14顺位被选中
2418	http://www.stat-nba.com/player/2418.html	A	Alfred McGuire	Alfred McGuire	1928-09-07 00:00:00	纽约纽约	St. John's Preparatory School in Brooklyn, New York	St. John's University	后卫-前锋	1.88	82	3,7,16	1951年第6轮第6顺位被选中
2431	http://www.stat-nba.com/player/2431.html	A	安东尼奥-麦克戴斯	Antonio McDyess	1974-09-07 00:00:00	密西西比奎特曼	Quitman in Quitman, Mississippi	University of Alabama	前锋-中锋	2.06	100	14,24,34	1995年第1轮第2顺位被选中
2455	http://www.stat-nba.com/player/2455.html	A	阿马尔-麦卡斯基尔	Amal McCaskill	1973-10-28 00:00:00	伊利诺伊州梅伍德	St. Joseph in Westchester, Illinois	Marquette University	前锋-中锋	2.11	107	0,15	1996年第2轮第20顺位被选中
2461	http://www.stat-nba.com/player/2461.html	A	安德鲁-麦卡特	Andre McCarter	1953-08-25 00:00:00	宾夕法尼亚州费城	Overbrook in Philadelphia, Pennsylvania	University of California, Los Angeles	后卫	1.91	86	20,33	1976年第6轮第3顺位被选中
2486	http://www.stat-nba.com/player/2486.html	A	阿瑞尔-马汉	Ariel Maughan	1923-02-23 00:00:00	犹他州盐湖城	暂无信息	Utah State University 99 15 11 12	前锋	1.93	86	11,12,15,99	非选秀球员
2494	http://www.stat-nba.com/player/2494.html	A	小安东尼-梅森	Anthony Mason	1966-12-14 00:00:00	佛罗里达州迈阿密	Springfield Gardens in Springfield Gardens, New York	Tennessee State University	前锋	2.01	113	14,17,34,42	1988年第3轮第3顺位被选中
2495	http://www.stat-nba.com/player/2495.html	A	艾尔-马西诺	Al Masino	1928-02-05 00:00:00	暂无信息	暂无信息	Canisius College	后卫	1.78	79	4,12,16	非选秀球员
251	http://www.stat-nba.com/player/251.html	A	阿兰-布里斯托	Allan Bristow	1951-08-23 00:00:00	弗吉尼亚州里士满	Henrico in Richmond, Virginia	Virginia Polytechnic Institute and State University	前锋-后卫	2.01	95	23,30,44	1973年第2轮第3顺位被选中
253	http://www.stat-nba.com/player/253.html	A	Aud Brindley	Aud Brindley	1923-12-31 00:00:00	纽约旅游Mineola	Rockville Centre in Rockville Centre, New York	Dartmouth College	前锋	1.93	79	12,15	非选秀球员
254	http://www.stat-nba.com/player/254.html	A	艾尔-布莱特曼	Al Brightman	1923-09-22 00:00:00	暂无信息	Wilson in Long Beach, California	California State University, Long Beach	前锋	1.88	88	8,16	非选秀球员
2574	http://www.stat-nba.com/player/2574.html	A	阿维达斯-马西雅斯卡斯	Arvydas Macijauskas	1980-01-19 00:00:00	立陶宛克莱佩达	暂无信息	暂无信息	后卫	1.93	97	6	非选秀球员
2590	http://www.stat-nba.com/player/2590.html	A	阿代尔-诺里斯	Audie Norris	1960-12-18 00:00:00	密西西比州杰克逊	Jim Hill in Jackson, Mississippi	Jackson State University	中锋	2.06	104	24	1982年第2轮第14顺位被选中
2600	http://www.stat-nba.com/player/2600.html	A	安德烈斯-诺西奥尼	Andres Nocioni	1979-11-30 00:00:00	阿根廷圣塔菲	暂无信息	暂无信息	前锋	2.01	102	5	非选秀球员
2635	http://www.stat-nba.com/player/2635.html	A	艾尔-内格拉底	Al Negratti	1921-06-12 00:00:00	暂无信息	暂无信息	Seton Hall University 18	前锋-中锋	1.91	91	18	非选秀球员
2673	http://www.stat-nba.com/player/2673.html	A	安德烈-欧文斯	Andre Owens	1980-10-31 00:00:00	印第安纳州印第安纳波利斯	Perry Meridian in Indianapolis, Indiana	University of Houston	后卫	1.93	91	20,30	非选秀球员
2705	http://www.stat-nba.com/player/2705.html	A	阿兰-奥格	Alan Ogg	1967-07-05 00:00:00	Lancaster, Ohio	Gardendale in Gardendale, Alabama	University of Alabama at Birmingham	中锋	2.18	109	50,53	非选秀球员
2724	http://www.stat-nba.com/player/2724.html	A	安迪-奥唐内尔	Andy O'Donnell	1925-03-10 00:00:00	暂无信息	暂无信息	Loyola College in Maryland	后卫	1.85	82	15	非选秀球员
2735	http://www.stat-nba.com/player/2735.html	A	安东尼-普拉德	Anthony Pullard	1966-06-23 00:00:00	路易斯安那DeQuincy	DeQuincy in DeQuincy, Louisiana	McNeese State University	前锋	2.08	111	23	非选秀球员
2751	http://www.stat-nba.com/player/2751.html	A	A.J.-普莱斯	A.J. Price	1986-10-07 00:00:00	新泽西州奥兰治	Amityville Memorial in Amityville, New York	University of Connecticut	后卫	1.88	82	1,12,21,22	2009年第2轮第22顺位被选中
278	http://www.stat-nba.com/player/278.html	A	阿德里安-布兰奇	Adrian Branch	1963-11-17 00:00:00	华盛顿哥伦比亚特区	DeMatha Catholic in Hyattsville, Maryland	University of Maryland	前锋-后卫	2.01	84	1,21,24	1985年第2轮第22顺位被选中
279	http://www.stat-nba.com/player/279.html	A	A.J.-布拉姆莱特	A.J. Bramlett	1977-01-10 00:00:00	伊利诺伊州迪卡尔布	La Cueva in Albuquerque, New Mexico	University of Arizona	中锋	2.08	103	47	1999年第2轮第10顺位被选中
2806	http://www.stat-nba.com/player/2806.html	A	安迪-菲利浦	Andy Phillip	1922-03-07 00:00:00	伊利诺伊州花岗岩市	Granite City in Granite City, Illinois	University of Illinois at Urbana-Champaign	后卫-前锋	1.88	88	4,7,14,17,19	非选秀球员
2830	http://www.stat-nba.com/player/2830.html	A	Aulcie Perry	Aulcie Perry	1950-07-03 00:00:00	新泽西州纽瓦克	暂无信息	Bethune-Cookman College	中锋	2.08	95	22	非选秀球员
2846	http://www.stat-nba.com/player/2846.html	A	安东尼-皮勒	Anthony Peeler	1969-11-25 00:00:00	密苏里州堪萨斯城	Paseo in Kansas City, Missouri	University of Missouri	后卫	1.93	94	1,7,8,44	1992年第1轮第15顺位被选中
2871	http://www.stat-nba.com/player/2871.html	A	安德雷-帕特森	Andrae Patterson	1975-11-12 00:00:00	加州大学河滨分校	Cooper in Abilene, Texas	Indiana University	前锋	2.06	108	45	1998年第2轮第17顺位被选中
2889	http://www.stat-nba.com/player/2889.html	A	安东尼-帕克	Anthony Parker	1975-06-19 00:00:00	伊利诺伊州内珀维尔	Central in Naperville, Illinois	Bradley University	后卫	1.98	98	12,18,24	1997年第1轮第21顺位被选中
2895	http://www.stat-nba.com/player/2895.html	A	安迪-潘科	Andy Panko	1977-11-27 00:00:00	宾夕法尼亚州哈里斯堡	Bishop McDevitt in Harrisburg, Pennsylvania	Lebanon Valley College	前锋	2.06	101	24	非选秀球员
291	http://www.stat-nba.com/player/291.html	A	艾弗里-布拉德利	Avery Bradley	1990-11-26 00:00:00	华盛顿塔科马	Findlay College Prep in Henderson, Nevada	University of Texas at Austin	后卫	1.88	82	0,22	2010年第1轮第19顺位被选中
292	http://www.stat-nba.com/player/292.html	A	阿隆佐-布拉德利	Alonzo Bradley	1953-10-16 00:00:00	密西西比尤蒂卡	Hinds County Agricultural in Utica, Mississippi	Texas Southern University	前锋	1.98	86	22,30	1977年第2轮第7顺位被选中
293	http://www.stat-nba.com/player/293.html	A	艾利克斯-布拉德利	Alex Bradley	1959-10-30 00:00:00	佛罗里达州布雷登顿	Long Branch in Long Branch, New Jersey	Villanova University	前锋	1.98	98	52	1981年第4轮第17顺位被选中
2970	http://www.stat-nba.com/player/2970.html	A	艾尔-罗杰斯	Al Roges	1930-10-25 00:00:00	暂无信息	暂无信息	Long Island University	后卫-前锋	1.93	88	12,18	非选秀球员
3012	http://www.stat-nba.com/player/3012.html	A	埃尔文-罗波特森	Alvin Robertson	1962-07-22 00:00:00	俄亥俄州巴伯顿	Barberton in Barberton, Ohio	University of Arkansas	后卫	1.91	84	3,7,21	1984年第1轮第7顺位被选中
3019	http://www.stat-nba.com/player/3019.html	A	安东尼-罗伯茨	Anthony Roberts	1955-04-15 00:00:00	田纳西州查塔努加	Riverside in Chattanooga, Tennessee	Oral Roberts University	前锋-后卫	1.96	84	20,21,30	1977年第1轮第21顺位被选中
3022	http://www.stat-nba.com/player/3022.html	A	安东尼-罗伯森	Anthony Roberson	1983-02-14 00:00:00	密歇根州萨吉诺	Saginaw in Saginaw, Michigan	University of Florida	后卫	1.88	82	3,5	非选秀球员
3029	http://www.stat-nba.com/player/3029.html	A	阿尔尼-李森	Arnie Risen	1924-10-09 00:00:00	肯塔基州威廉斯敦	Williamstown in Williamstown, Kentucky	Ohio State University	中锋-前锋	2.06	91	14,19	非选秀球员
3037	http://www.stat-nba.com/player/3037.html	A	安托万-里高迪奥	Antoine Rigaudeau	1971-12-17 00:00:00	法国绍莱	暂无信息	暂无信息	后卫	2.01	95	17	非选秀球员
309	http://www.stat-nba.com/player/309.html	A	安东尼-鲍威	Anthony Bowie	1963-11-09 00:00:00	俄克拉何马州塔尔萨	East Central in Tulsa, Oklahoma	University of Oklahoma	后卫-前锋	1.98	86	13,14,25	1986年第3轮第19顺位被选中
3098	http://www.stat-nba.com/player/3098.html	A	阿兰-雷	Allan Ray	1984-06-17 00:00:00	纽约的布朗克斯	St. Raymond in Bronx, New York	Villanova University	后卫	1.88	86	12	非选秀球员
3100	http://www.stat-nba.com/player/3100.html	A	安迪-劳汀斯	Andy Rautins	1986-11-02 00:00:00	纽约雪城	Jamesville-DeWitt in DeWitt, New York	Syracuse University	后卫	1.93	86	11	2010年第2轮第8顺位被选中
3112	http://www.stat-nba.com/player/3112.html	A	安东尼-兰多夫	Anthony Randolph	1989-07-15 00:00:00	德国Worzbach	Woodrow Wilson in Dallas, Texas	Louisiana State University	前锋	2.08	93	4,15	2008年第1轮第14顺位被选中
3126	http://www.stat-nba.com/player/3126.html	A	亚历山大-拉多切维奇	Aleksandar Radojevic	1976-08-08 00:00:00	黑山新海尔采格	暂无信息	Barton County Community College	中锋	2.21	113	25,51	1999年第1轮第12顺位被选中
3139	http://www.stat-nba.com/player/3139.html	A	阿隆-斯文森	Aaron Swinson	1971-01-09 00:00:00	乔治亚州不伦瑞克	Brunswick in Brunswick, Georgia	Auburn University	前锋	1.96	104	4	非选秀球员
3175	http://www.stat-nba.com/player/3175.html	A	阿玛雷-斯塔德迈尔	Amare Stoudemire	1982-11-16 00:00:00	佛罗里达州莱克威尔士	Cypress Creek in Orlando, Florida	暂无信息	前锋-中锋	2.08	111	1,5,32	2002年第1轮第9顺位被选中
3178	http://www.stat-nba.com/player/3178.html	A	埃维-斯多里	Awvee Storey	1977-04-18 00:00:00	伊利诺伊州芝加哥	Proviso West in Hillside, Illinois	Arizona State University	后卫-前锋	1.98	101	20,26,35	非选秀球员
3182	http://www.stat-nba.com/player/3182.html	A	阿特-斯托奇	Art Stolkey	1920-10-23 00:00:00	暂无信息	暂无信息	University of Detroit Mercy 44	后卫	1.85	82	44	非选秀球员
3188	http://www.stat-nba.com/player/3188.html	A	艾利克斯-斯蒂夫林斯	Alex Stivrins	1962-11-29 00:00:00	内布拉斯加林肯	East in Lincoln, Nebraska	University of Colorado	前锋	2.03	100	11,25,42,43	1985年第4轮第5顺位被选中
3226	http://www.stat-nba.com/player/3226.html	A	阿特-斯波尔斯特拉	Art Spoelstra	1932-09-11 00:00:00	暂无信息	Godwin Heights in Grand Rapids, Michigan	Western Kentucky University	中锋	2.06	100	8,18,20,27	1954年第4轮第7顺位被选中
3232	http://www.stat-nba.com/player/3232.html	A	安德鲁-斯宾塞	Andre Spencer	1964-07-20 00:00:00	加州斯托克顿	Manual Arts in Los Angeles, California	Northern Arizona University	前锋	1.98	95	12,20,24	非选秀球员
3234	http://www.stat-nba.com/player/3234.html	A	阿特-斯派克特	Art Spector	1920-10-17 00:00:00	宾夕法尼亚州费城	暂无信息	Villanova University 12	前锋	1.93	91	12	非选秀球员
3313	http://www.stat-nba.com/player/3313.html	A	Al Smith	Al Smith	1947-01-15 00:00:00	伊利诺伊州皮奥里亚	Manual in Peoria, Illinois	Bradley University	后卫	1.85	84	10,20	1971年第11轮第12顺位被选中
3314	http://www.stat-nba.com/player/3314.html	A	阿德里安-史密斯	Adrian Smith	1936-10-05 00:00:00	肯塔基州法明顿	Farmington in Farmington, Kentucky	University of Kentucky	后卫	1.85	82	10	1958年第15轮第1顺位被选中
3330	http://www.stat-nba.com/player/3330.html	A	艾尔-斯金纳	Al Skinner	1952-06-16 00:00:00	纽约州芒特弗农	Malverne in Malverne, New York	University of Massachusetts Amherst	后卫	1.91	86	30,35	1974年第9轮第16顺位被选中
3342	http://www.stat-nba.com/player/3342.html	A	阿尔文-希姆斯	Alvin Sims	1974-10-18 00:00:00	肯德基巴黎	Paris in Paris, Kentucky	University of Louisville	后卫	1.93	107	19	非选秀球员
335	http://www.stat-nba.com/player/335.html	A	安东尼-邦纳	Anthony Bonner	1968-06-08 00:00:00	密苏里州圣路易斯	Vashon in St. Louis, Missouri	Saint Louis University	前锋	2.03	98	4,24	1990年第1轮第23顺位被选中
3403	http://www.stat-nba.com/player/3403.html	A	安苏-瑟塞	Ansu Sesay	1976-07-29 00:00:00	北卡罗莱纳州格林斯博罗	Willowridge in Houston, Texas	University of Mississippi	前锋	2.06	102	5,45	1998年第2轮第1顺位被选中
3433	http://www.stat-nba.com/player/3433.html	A	阿尔文-斯科特	Alvin Scott	1955-09-14 00:00:00	田纳西州克利夫兰	Bradley in Cleveland, Tennessee	Oral Roberts University	前锋-后卫	2.01	84	14	1977年第7轮第5顺位被选中
345	http://www.stat-nba.com/player/345.html	A	安德鲁-博古特	Andrew Bogut	1984-11-28 00:00:00	澳大利亚墨尔本	Australian Institute of Sport in Melbourne, Australia	University of Utah	中锋	2.13	118	6,12,66	2005年第1轮第1顺位被选中
3465	http://www.stat-nba.com/player/3465.html	A	埃里克斯-斯凯尔斯	Alex Scales	1978-07-03 00:00:00	威斯康星州拉辛	Racine Lutheran in Racine, Wisconsin	University of Oregon	后卫	1.93	84	25	非选秀球员
3467	http://www.stat-nba.com/player/3467.html	A	阿兰-肖耶	Alan Sawyer	1928-01-01 00:00:00	暂无信息	暂无信息	University of California, Los Angeles	前锋	1.96	88	17,29	非选秀球员
3487	http://www.stat-nba.com/player/3487.html	A	Al Sanders	Al Sanders	1950-01-01 00:00:00	路易斯安那州巴吞鲁日	Baton Rouge in Baton Rouge, Louisiana	Louisiana State University	前锋	2.01	109	3	非选秀球员
3495	http://www.stat-nba.com/player/3495.html	A	Al Salvadori	Al Salvadori	1945-05-06 00:00:00	西弗吉尼亚州惠灵	Wheeling Central in Wheeling, West Virginia	University of South Carolina	前锋	2.06	100	15	1967年第4轮第1顺位被选中
3499	http://www.stat-nba.com/player/3499.html	A	阿维达斯-萨博尼斯	Arvydas Sabonis	1964-12-19 00:00:00	立陶宛考纳斯	暂无信息	暂无信息	中锋	2.21	127	11	1986年第1轮第24顺位被选中
3518	http://www.stat-nba.com/player/3518.html	A	安德鲁-特纳	Andre Turner	1964-12-13 00:00:00	田纳西州孟菲斯	Mitchell in Memphis, Tennessee	University of Memphis	后卫	1.8	73	1,4,7,10,11,12,13	1986年第3轮第22顺位被选中
3525	http://www.stat-nba.com/player/3525.html	A	安东尼-塔克	Anthony Tucker	1969-04-04 00:00:00	华盛顿哥伦比亚特区	McKinley in Washington, District of Columbia	Wake Forest University	前锋	2.03	100	21	非选秀球员
3526	http://www.stat-nba.com/player/3526.html	A	艾伦多-塔克	Alando Tucker	1984-02-11 00:00:00	伊利诺伊州洛克波特	Township in Lockport, Illinois	University of Wisconsin	前锋	1.98	93	29	2007年第1轮第29顺位被选中
3527	http://www.stat-nba.com/player/3527.html	A	艾尔-塔克	Al Tucker	1943-02-24 00:00:00	俄亥俄州代顿	Jefferson Township in Dayton, Ohio	Oklahoma Baptist University	前锋	2.03	86	12,16,23,33,35	1967年第1轮第6顺位被选中
3533	http://www.stat-nba.com/player/3533.html	A	Ansley Truitt	Ansley Truitt	1950-08-24 00:00:00	佐治亚州西点	Wilson in San Francisco, California	University of California	中锋	2.06	98	40	1972年第3轮第11顺位被选中
3554	http://www.stat-nba.com/player/3554.html	A	安迪-图尔森	Andy Toolson	1966-01-19 00:00:00	伊利诺伊州芝加哥	Twin Falls in Twin Falls, Idaho	Brigham Young University	后卫-前锋	1.98	95	5	非选秀球员
3555	http://www.stat-nba.com/player/3555.html	A	安迪-托科维奇	Andy Tonkovich	1922-11-01 00:00:00	暂无信息	暂无信息	Marshall University	后卫	1.85	84	7	1948年第1轮第1顺位被选中
3557	http://www.stat-nba.com/player/3557.html	A	安德鲁-托尼	Andrew Toney	1957-11-23 00:00:00	阿拉巴马伯明翰	Glenn in Birmingham, Alabama	University of Louisiana at Lafayette	后卫	1.91	81	22	1980年第1轮第8顺位被选中
3560	http://www.stat-nba.com/player/3560.html	A	安东尼-托利弗	Anthony Tolliver	1985-06-01 00:00:00	密苏里州斯普林菲尔德	Kickapoo in Springfield, Missouri	Creighton University	中锋	2.03	109	4,35,40,43,44	非选秀球员
3578	http://www.stat-nba.com/player/3578.html	A	艾尔-索顿	Al Thornton	1983-12-07 00:00:00	佐治亚州佩里	Perry in Perry, Georgia	Florida State University	前锋	2.03	100	12,14,23	2007年第1轮第14顺位被选中
360	http://www.stat-nba.com/player/360.html	A	安德雷-布拉奇	Andray Blatche	1986-08-22 00:00:00	纽约雪城	South Kent School in South Kent, Connecticut	暂无信息	前锋	2.11	107	0,7,32	2005年第2轮第19顺位被选中
3653	http://www.stat-nba.com/player/3653.html	A	安东尼-泰勒	Anthony Taylor	1965-11-30 00:00:00	加州洛杉矶	Beaverton in Beaverton, Oregon	University of Oregon	后卫	1.93	79	3	1988年第2轮第19顺位被选中
3680	http://www.stat-nba.com/player/3680.html	A	亚历山大-沃尔科夫	Alexander Volkov	1964-03-28 00:00:00	俄罗斯联邦鄂木斯克	暂无信息	暂无信息	前锋	2.08	99	8	1986年第6轮第18顺位被选中
370	http://www.stat-nba.com/player/370.html	A	艾利克斯-布莱克威尔	Alex Blackwell	1970-06-27 00:00:00	新泽西州汤姆斯河	Oak Hill Academy in Mouth of Wilson, Virginia	Monmouth University	前锋	1.98	113	30	非选秀球员
3701	http://www.stat-nba.com/player/3701.html	A	安德森-瓦莱乔	Anderson Varejao	1982-09-28 00:00:00	巴西圣特雷莎	暂无信息	暂无信息	前锋-中锋	2.11	124	17,18	2004年第2轮第1顺位被选中
3721	http://www.stat-nba.com/player/3721.html	A	A.J.-万德	A.J. Wynder	1964-09-11 00:00:00	纽约的布朗克斯	Saint Agnes in Rockville Centre, New York	Fairfield University	后卫	1.88	82	12	非选秀球员
3738	http://www.stat-nba.com/player/3738.html	A	安托万-怀特	Antoine Wright	1984-02-06 00:00:00	加利福尼亚州West Covina	Lawrence Academy in Groton, Massachusetts	Texas A&M University	后卫-前锋	2.01	95	3,21	2005年第1轮第15顺位被选中
3757	http://www.stat-nba.com/player/3757.html	A	艾尔-伍德	Al Wood	1958-06-02 00:00:00	乔治亚灰	Jones County in Gray, Georgia	University of North Carolina	后卫-前锋	1.98	88	4,7	1981年第1轮第4顺位被选中
3865	http://www.stat-nba.com/player/3865.html	A	Art Williams	Art Williams	1939-09-29 00:00:00	德州宝恒	San Diego in San Diego, California	California State Polytechnic University, Pomona	后卫	1.85	82	7,8,14	非选秀球员
3866	http://www.stat-nba.com/player/3866.html	A	阿尔文-威廉姆斯	Alvin Williams	1974-08-06 00:00:00	宾夕法尼亚州费城	Germantown Academy in Philadelphia, Pennsylvania	Villanova University	后卫	1.96	84	20,21,22,24	1997年第2轮第19顺位被选中
3867	http://www.stat-nba.com/player/3867.html	A	Al Williams	Al Williams	1948-02-03 00:00:00	暂无信息	暂无信息	Drake University	前锋	1.98	91	42	1970年第3轮第17顺位被选中
3868	http://www.stat-nba.com/player/3868.html	A	阿隆-威廉姆斯	Aaron Williams	1971-10-02 00:00:00	伊利诺伊州埃文斯顿	Rolling Meadows in Rolling Meadows, Illinois	Xavier University	前锋-中锋	2.06	100	15,33,34,44,55	非选秀球员
387	http://www.stat-nba.com/player/387.html	A	安德里斯-比德林斯	Andris Biedrins	1986-04-02 00:00:00	拉脱维亚里加	Valters Basketball School in Riga, Latvia	暂无信息	中锋	2.11	109	11,15	2004年第1轮第11顺位被选中
392	http://www.stat-nba.com/player/392.html	A	艾尔-比安奇	Al Bianchi	1932-03-26 00:00:00	纽约长岛市	暂无信息	Bowling Green State University	后卫	1.91	84	16,24	1954年第2轮第9顺位被选中
4022	http://www.stat-nba.com/player/4022.html	A	安托万-沃克	Antoine Walker	1976-08-12 00:00:00	伊利诺伊州芝加哥	Mount Carmel in Chicago, Illinois	University of Kentucky	前锋	2.03	102	8,24,88	1996年第1轮第6顺位被选中
4023	http://www.stat-nba.com/player/4023.html	A	安迪-沃克	Andy Walker	1955-03-25 00:00:00	纽约长岛市	暂无信息	Niagara University	后卫	1.93	86	41	1976年第7轮第7顺位被选中
4025	http://www.stat-nba.com/player/4025.html	A	安德鲁-韦克菲尔德	Andre Wakefield	1955-01-11 00:00:00	伊利诺伊州芝加哥	Crane in Chicago, Illinois	Loyola University of Chicago	后卫	1.91	79	15,26,44	1978年第5轮第19顺位被选中
4072	http://www.stat-nba.com/player/4072.html	A	安德烈-德拉蒙德	Andre Drummond	1993-08-10 00:00:00	纽约州芒特弗农	St. Thomas More	Wilbraham & Monson Academy	前锋-中锋	2.11	127	0,1	2012年第1轮第9顺位被选中
4076	http://www.stat-nba.com/player/4076.html	A	安东尼-戴维斯	Anthony Davis	1993-03-11 00:00:00	伊利诺伊州芝加哥	Perspectives Charter	Kentucky	前锋-中锋	2.08	100	23	2012年第1轮第1顺位被选中
4077	http://www.stat-nba.com/player/4077.html	A	奥斯汀-里弗斯	Austin Rivers	1992-08-01 00:00:00	加州圣莫尼卡	Winter Park	Duke	后卫	1.93	91	25	2012年第1轮第10顺位被选中
4092	http://www.stat-nba.com/player/4092.html	A	安德鲁-尼克尔森 	Andrew Nicholson	1989-12-08 00:00:00	安大略省密西沙加	Father Michael Goetz Secondary School	St. Bonaventure	前锋	2.06	113	44	2012年第1轮第19顺位被选中
4103	http://www.stat-nba.com/player/4103.html	A	阿历克谢-舍维德	Alexey Shved	1988-12-16 00:00:00	俄罗斯苏维埃联邦社会主义共和国别尔哥罗德	暂无信息	暂无信息	后卫	1.98	83	1,88	非选秀球员
4113	http://www.stat-nba.com/player/4113.html	A	阿内特-莫尔特里	Arnett Moultrie	1990-11-18 00:00:00	纽约皇后区	Raleigh Egypt	UTEP	前锋	2.11	111	5	2012年第1轮第27顺位被选中
4144	http://www.stat-nba.com/player/4144.html	A	阿隆-贝恩斯	Aron Baynes	1986-12-09 00:00:00	新西兰吉斯本	Cairns State HS	Washington State	中锋-前锋	2.08	118	12,16,46	非选秀球员
4158	http://www.stat-nba.com/player/4158.html	A	安东尼-本内特	Anthony Bennett	1993-03-14 00:00:00	安大略省多伦多	Harold M. Brathwaite	UNLV	前锋	2.03	111	13,15,24	2013年第1轮第1顺位被选中
4171	http://www.stat-nba.com/player/4171.html	A	阿林兹-奥努阿库	Arinze Onuaku	1987-07-13 00:00:00	马里兰州兰哈姆	DuVal/Episcopal	Syracuse	前锋-中锋	2.06	125	21,50	非选秀球员
4180	http://www.stat-nba.com/player/4180.html	A	艾利克斯-伦	Alex Len	1993-06-16 00:00:00	卢甘斯克安特拉齐特	Dnipropetrovsk Higher College	Maryland	中锋	2.16	118	21	2013年第1轮第5顺位被选中
4181	http://www.stat-nba.com/player/4181.html	A	阿奇-古德温	Archie Goodwin	1994-08-17 00:00:00	阿肯色州小石城	Sylvan Hills	Kentucky	后卫	1.96	91	8,20	2013年第1轮第29顺位被选中
4189	http://www.stat-nba.com/player/4189.html	A	安德烈-罗伯森	Andre Roberson	1991-12-04 00:00:00	德州圣安东尼奥	Wagner	Colorado	前锋-后卫	2.01	95	21	2013年第1轮第26顺位被选中
4194	http://www.stat-nba.com/player/4194.html	A	阿伦-克拉布	Allen Crabbe	1992-04-04 00:00:00	加州洛杉矶	Price	California	后卫	1.98	98	23,33	2013年第2轮第1顺位被选中
4227	http://www.stat-nba.com/player/4227.html	A	阿多尼斯-托马斯	Adonis Thomas	1993-03-25 00:00:00	Memphis, Tennessee	Melrose	Memphis	前锋-后卫	2.01	109	7,8	非选秀球员
4241	http://www.stat-nba.com/player/4241.html	A	安德鲁-威金斯	Andrew Wiggins	1995-02-23 00:00:00	Toronto, Ontario	Vaughan/Huntington Prep	Kansas	前锋-后卫	2.03	91	22	2014年第1轮第1顺位被选中
428	http://www.stat-nba.com/player/428.html	A	Arthur Becker	Arthur Becker	1942-01-12 00:00:00	俄亥俄州阿克伦	Camelback in Phoenix, Arizona	Arizona State University	前锋	2.01	93	14,34,43	1964年第3轮第6顺位被选中
4283	http://www.stat-nba.com/player/4283.html	A	阿隆-戈登	Aaron Gordon	1995-09-16 00:00:00	San Jose, California	Archbishop Mitty	Arizona	前锋	2.06	100	0	2014年第1轮第4顺位被选中
4312	http://www.stat-nba.com/player/4312.html	A	安德烈-道金斯	Andre Dawkins	1991-09-09 00:00:00	Fairfax, Virginia	Atlantic Shores Christian	Duke	后卫	1.96	98	24	非选秀球员
4318	http://www.stat-nba.com/player/4318.html	A	亚历克斯-柯克	Alex Kirk	1991-11-14 00:00:00	Los Alamos, New Mexico	Los Alamos	New Mexico	中锋	2.13	111	53	非选秀球员
4343	http://www.stat-nba.com/player/4343.html	A	阿德里安-佩恩	Adreian Payne	1991-02-19 00:00:00	Dayton, Ohio	Jefferson Township	Michigan State	前锋-中锋	2.08	109	3,33	2014年第1轮第15顺位被选中
440	http://www.stat-nba.com/player/440.html	A	Al Beard	Al Beard	1942-04-27 00:00:00	乔治亚州Fort Valley中	H.A. Hunt in Fort Valley, Georgia	Norfolk State University	中锋	2.06	91	22,41	非选秀球员
4400	http://www.stat-nba.com/player/4400.html	A	安东尼-布朗	Anthony Brown	1992-10-10 00:00:00	Bellflower, California	Ocean View	Stanford	前锋-后卫	1.96	95	3,21	2015年第2轮第4顺位被选中
4414	http://www.stat-nba.com/player/4414.html	A	阿隆-哈里森	Aaron Harrison	1994-10-28 00:00:00	San Antonio, Texas	Travis	Kentucky	后卫	1.98	96	9	非选秀球员
4429	http://www.stat-nba.com/player/4429.html	A	阿莱克斯-史蒂芬森	Alex Stepheson	1987-08-07 00:00:00	Los Angeles, California	Harvard-Westlake	North Carolina/USC	前锋	2.08	122	35	非选秀球员
4430	http://www.stat-nba.com/player/4430.html	A	阿克塞尔-唐佩恩	Axel Toupane	1992-07-23 00:00:00	Mulhouse, France	暂无信息	暂无信息	后卫-前锋	1.98	91	6,10	非选秀球员
4434	http://www.stat-nba.com/player/4434.html	A	阿兰-威廉姆斯	Alan Williams	1993-01-28 00:00:00	Phoenix, Arizona	North	UC Santa Barbara	中锋-前锋	2.03	118	15	非选秀球员
4457	http://www.stat-nba.com/player/4457.html	A	安德鲁-哈里森	Andrew Harrison	1994-10-28 00:00:00	San Antonio, Texas	Travis	Kentucky	后卫	1.98	97	5	2015年第2轮第14顺位被选中
4462	http://www.stat-nba.com/player/4462.html	A	阿莱克斯-阿布林斯	Alex Abrines	1993-08-01 00:00:00	Palma, Spain	暂无信息	暂无信息	后卫-前锋	1.98	86	8	2013年第2轮第2顺位被选中
4482	http://www.stat-nba.com/player/4482.html	A	A.J.-哈蒙斯	A.J. Hammons	1992-08-27 00:00:00	Gary, Indiana	Carmel/Oak Hill	Purdue	中锋	2.13	118	4,20	2016年第2轮第16顺位被选中
4528	http://www.stat-nba.com/player/4528.html	A	亚历克斯-珀伊斯瑞斯	Alex Poythress	1993-09-08 00:00:00	Savannah, Georgia	Northeast	Kentucky	前锋	2.01	108	0,5	非选秀球员
4542	http://www.stat-nba.com/player/4542.html	A	阿卜杜勒-纳迪尔	Abdel Nader	1993-09-25 00:00:00	Alexandria	Niles North	Northern Illinois	前锋	1.98	104	28	2016年第2轮第28顺位被选中
4553	http://www.stat-nba.com/player/4553.html	A	Alec Peters	Alec Peters	1995-04-13 00:00:00	Washington, Illinois	Washington	Valparaiso	前锋	2.06	107	25	2017年第2轮第24顺位被选中
4559	http://www.stat-nba.com/player/4559.html	A	安东尼奥-布莱克尼	Antonio Blakeney	1996-01-04 00:00:00	New York City, New York	Oak Ridge	LSU	后卫	1.93	89	9	非选秀球员
4561	http://www.stat-nba.com/player/4561.html	A	阿方索-麦金尼	Alfonzo McKinnie	1992-09-17 00:00:00	Chicago	Curie	Eastern Illinois	前锋	2.03	98	34	非选秀球员
4570	http://www.stat-nba.com/player/4570.html	A	亚历克斯-卡鲁索	Alex Caruso	1994-02-28 00:00:00	College Station, Texas	A&M Consolidated	Texas A&M	后卫	1.96	84	4	非选秀球员
4586	http://www.stat-nba.com/player/4586.html	A	安特-日日奇	Ante Zizic	1997-01-04 00:00:00	Split, Croatia	暂无信息	暂无信息	中锋	2.11	113	41	2016年第1轮第23顺位被选中
4607	http://www.stat-nba.com/player/4607.html	A	安东尼斯-克利夫兰	Antonius Cleveland	1994-02-02 00:00:00	暂无信息	Ludowici, Georgia	Southeast Missouri State	后卫	1.98	88	10	非选秀球员
4642	http://www.stat-nba.com/player/4642.html	A	安德鲁-怀特	Andrew White III	1993-06-16 00:00:00	Richmond, Virginia	The Miller School	Kansas	前锋	2.01	95	暂无信息	非选秀球员
4654	http://www.stat-nba.com/player/4654.html	A	阿龙-杰克逊	Aaron Jackson	1986-05-06 00:00:00	Hartford, Connecticut	Northwest Catholic	Duquesne	后卫	1.91	83	暂无信息	非选秀球员
475	http://www.stat-nba.com/player/475.html	A	安德烈-巴雷特	Andre Barrett	1982-02-21 00:00:00	纽约的布朗克斯	Rice in New York, New York	Seton Hall University	后卫	1.78	78	1,11,12	非选秀球员
494	http://www.stat-nba.com/player/494.html	A	安德里亚-巴尼亚尼	Andrea Bargnani	1985-10-26 00:00:00	意大利罗马	暂无信息	暂无信息	前锋	2.13	111	7,9,77	2006年第1轮第1顺位被选中
534	http://www.stat-nba.com/player/534.html	A	阿尔曼德-休	Armand Cure	1919-08-01 00:00:00	马萨诸塞州新贝德福德	New Bedford in New Bedford, Massachusetts	University of Rhode Island 14	前锋	1.83	90	14	非选秀球员
543	http://www.stat-nba.com/player/543.html	A	Al Cueto	Al Cueto	1946-08-02 00:00:00	古巴哈瓦那	Coral Gables in Coral Gables, Florida	University of Tulsa	中锋-前锋	2.01	104	22,42	1969年第10轮第3顺位被选中
552	http://www.stat-nba.com/player/552.html	A	奥斯丁-克罗希尔	Austin Croshere	1975-05-01 00:00:00	加州洛杉矶	Crossroads School in Los Angeles, California	Providence College	前锋	2.06	107	22,44	1997年第1轮第12顺位被选中
6	http://www.stat-nba.com/player/6.html	A	安东尼-埃文特	Anthony Avent	1969-10-18 00:00:00	北卡罗莱纳州的落基山	Malcolm X Shabazz in Newark, New Jersey	Seton Hall University	前锋	2.06	107	0,30,34,54	1991年第1轮第15顺位被选中
607	http://www.stat-nba.com/player/607.html	A	安东尼-库克	Anthony Cook	1967-03-19 00:00:00	加州洛杉矶	Van Nuys in Van Nuys, California	University of Arizona	前锋-中锋	2.06	93	0,38	1989年第1轮第24顺位被选中
636	http://www.stat-nba.com/player/636.html	A	阿特-科林斯	Art Collins	1954-04-14 00:00:00	格鲁吉亚桑德斯维尔	Jackson in Miami, Florida	St. Thomas University	后卫	1.93	84	44	1976年第6轮第17顺位被选中
664	http://www.stat-nba.com/player/664.html	A	阿尔奇-克拉克	Archie Clark	1941-07-15 00:00:00	阿肯色州康韦	Ecorse in Ecorse, Michigan	University of Minnesota	后卫	1.88	79	11,21	1966年第4轮第7顺位被选中
697	http://www.stat-nba.com/player/697.html	A	艾尔-塞尔维	Al Cervi	1917-02-12 00:00:00	纽约水牛城	East in Buffalo, New York	暂无信息	后卫-前锋	1.8	77	15	非选秀球员
70	http://www.stat-nba.com/player/70.html	A	安东尼奥-安德森	Antonio Anderson	1985-06-05 00:00:00	马萨诸塞州林恩	Laurinburg Institute in Laurinburg, North Carolina	University of Memphis	后卫	1.98	98	8	非选秀球员
71	http://www.stat-nba.com/player/71.html	A	Andrew Anderson	Andrew Anderson	1945-07-06 00:00:00	纽约水牛城	暂无信息	Canisius College	后卫	1.88	83	14,23,40,44	1967年第8轮第9顺位被选中
72	http://www.stat-nba.com/player/72.html	A	阿兰-安德森	Alan Anderson	1982-10-16 00:00:00	明尼苏达州明尼阿波利斯	DeLaSalle in Minneapolis, Minnesota	Michigan State University	后卫-前锋	1.98	100	6,9,15	非选秀球员
722	http://www.stat-nba.com/player/722.html	A	安东尼-卡特	Anthony Carter	1975-06-16 00:00:00	威斯康星州密尔沃基	Alonzo A. Crim in Atlanta, Georgia	University of Hawaii	后卫	1.85	86	4,7,25	非选秀球员
733	http://www.stat-nba.com/player/733.html	A	奥斯汀-凯尔	Austin Carr	1948-03-10 00:00:00	华盛顿哥伦比亚特区	Mackin in Washington, District of Columbia	University of Notre Dame	后卫	1.93	91	22,34 [34]在退役	1971年第1轮第1顺位被选中
734	http://www.stat-nba.com/player/734.html	A	安托万-凯尔	Antoine Carr	1961-07-23 00:00:00	俄克拉何马州俄克拉何马城	Wichita Heights in Wichita, Kansas	Wichita State University	前锋-中锋	2.06	102	33,35,55	1983年第1轮第8顺位被选中
739	http://www.stat-nba.com/player/739.html	A	艾尔-Carlson	Al Carlson	1951-09-17 00:00:00	加利福尼亚州欧申赛德	Garden Grove in Garden Grove, California	University of Oregon	中锋	2.11	107	35	非选秀球员
762	http://www.stat-nba.com/player/762.html	A	阿德里安-考德威尔	Adrian Caldwell	1966-07-04 00:00:00	德州瀑布县	West Oso in Corpus Christi, Texas	Lamar University	前锋-中锋	2.03	120	44,45,50,51	非选秀球员
77	http://www.stat-nba.com/player/77.html	A	艾尔-法鲁克-阿米奴	Al-Farouq Aminu	1990-09-21 00:00:00	乔治亚州亚特兰大	Norcross in Norcross, Georgia	Wake Forest University	前锋	2.06	98	0,3,7,8	2010年第1轮第8顺位被选中
78	http://www.stat-nba.com/player/78.html	A	阿沙夫-阿玛亚	Ashraf Amaya	1971-11-23 00:00:00	伊利诺伊州橡树园	Walther Lutheran in Melrose Park, Illinois	Southern Illinois University	前锋	2.03	104	18,50	非选秀球员
786	http://www.stat-nba.com/player/786.html	A	安迪-邓肯	Andy Duncan	1922-04-17 00:00:00	暂无信息	暂无信息	College of William & Mary	前锋-中锋	1.98	88	10,20,21	非选秀球员
837	http://www.stat-nba.com/player/837.html	A	亚历山大-乔尔杰维奇	Aleksandar Djordjevic	1967-08-26 00:00:00	塞尔维亚贝尔格莱德	暂无信息	暂无信息	后卫	1.88	90	19	非选秀球员
891	http://www.stat-nba.com/player/891.html	A	阿尔奇-蒂斯	Archie Dees	1936-02-22 00:00:00	伊利诺伊州山。卡梅尔	Mount Carmel in Mount Carmel, Illinois	Indiana University	前锋-中锋	2.03	93	22,29,44	1958年第1轮第2顺位被选中
893	http://www.stat-nba.com/player/893.html	A	安德鲁-德克勒克	Andrew DeClercq	1973-02-01 00:00:00	密歇根州底特律	Countryside in Clearwater, Florida	University of Florida	前锋-中锋	2.08	104	45,55	1995年第2轮第5顺位被选中
898	http://www.stat-nba.com/player/898.html	A	奥斯丁-达耶	Austin Daye	1988-06-05 00:00:00	加州尔湾	Woodbridge in Irvine, California	Gonzaga University	前锋	2.11	91	3,5,23	2009年第1轮第15顺位被选中
942	http://www.stat-nba.com/player/942.html	A	阿布莱-戴维斯	Aubrey Davis	1921-03-28 00:00:00	暂无信息	暂无信息	Oklahoma Baptist University	后卫-前锋	1.88	79	9,10	非选秀球员
943	http://www.stat-nba.com/player/943.html	A	安东尼奥-戴维斯	Antonio Davis	1968-10-31 00:00:00	加州奥克兰	McClymonds in Oakland, California	University of Texas at El Paso	前锋-中锋	2.06	98	32,33,34	1990年第2轮第18顺位被选中
956	http://www.stat-nba.com/player/956.html	A	阿德里安-丹特利	Adrian Dantley	1956-02-28 00:00:00	华盛顿哥伦比亚特区	DeMatha Catholic in Hyattsville, Maryland	University of Notre Dame	前锋-后卫	1.96	94	4,7,44,45 [4]在退役	1976年第1轮第6顺位被选中
962	http://www.stat-nba.com/player/962.html	A	安东尼奥-丹尼尔斯	Antonio Daniels	1975-03-19 00:00:00	俄亥俄哥伦布	Saint Francis DeSales in Columbus, Ohio	Bowling Green State University	后卫	1.93	88	6,10,22,33,50	1997年第1轮第4顺位被选中
998	http://www.stat-nba.com/player/998.html	A	阿历克斯-英格利什	Alex English	1954-01-05 00:00:00	南卡罗来纳州哥伦比亚	Dreher in Columbia, South Carolina	University of South Carolina	前锋	2.01	86	2,22,23 [2]在退役	1976年第2轮第6顺位被选中
999	http://www.stat-nba.com/player/999.html	A	A.J.-英格利什	A.J. English	1967-07-11 00:00:00	特拉华州威尔明顿	Howard Career Center in Wilmington, Delaware	Virginia Union University	后卫	1.91	79	14	1990年第2轮第10顺位被选中
