1	http://www.stat-nba.com/coach/1.html	R	里克-阿德尔曼	Rick Adelman	1946-06-16 00:00:00	Lynwood, California	Saint Pius X in Downey, California	Loyola Marymount University	23年 5支球队 16次进入季后赛	1791场 1042胜749负 胜率58.2%	157场 79胜78负 胜率50.3%	2次	0个	暂无信息
10	http://www.stat-nba.com/coach/10.html	E	Ed Badger	Ed Badger	1932-11-05 00:00:00	暂无信息	暂无信息	University of Iowa	2年 1支球队 1次进入季后赛	164场 84胜80负 胜率51.2%	3场 1胜2负 胜率33.3%	0次	0个	暂无信息
100	http://www.stat-nba.com/coach/100.html	C	克里斯-福特	Chris Ford	1949-01-11 00:00:00	Atlantic City, New Jersey	Holy Spirit in Absecon, New Jersey	Villanova University	10年 4支球队 4次进入季后赛	699场 323胜376负 胜率46.2%	29场 13胜16负 胜率44.8%	0次	0个	暂无信息
101	http://www.stat-nba.com/coach/101.html	L	劳伦斯-弗兰克	Lawrence Frank	1970-08-23 00:00:00	Teaneck, New Jersey	暂无信息	Indiana University	9年 2支球队 4次进入季后赛	614场 279胜335负 胜率45.4%	38场 18胜20负 胜率47.4%	0次	0个	暂无信息
102	http://www.stat-nba.com/coach/102.html	M	Mike Fratello	Mike Fratello	1947-02-24 00:00:00	Hackensack, New Jersey	Hackensack in Hackensack, New Jersey	Montclair State College	17年 3支球队 11次进入季后赛	1215场 667胜548负 胜率54.9%	62场 20胜42负 胜率32.3%	0次	0个	1次 (85-86赛季)
104	http://www.stat-nba.com/coach/104.html	H	哈里-盖拉汀	Harry Gallatin	1927-04-26 00:00:00	Roxana, Illinois	Roxana in Roxana, Illinois	Truman State University	5年 2支球队 2次进入季后赛	256场 136胜120负 胜率53.1%	23场 12胜11负 胜率52.2%	2次	0个	1次 (62-63赛季)
105	http://www.stat-nba.com/coach/105.html	A	阿尔文-金特里	Alvin Gentry	1954-11-05 00:00:00	暂无信息	Garfield	Appalachian State	15年 5支球队 3次进入季后赛	951场 447胜504负 胜率47.0%	30场 17胜13负 胜率56.7%	0次	0个	暂无信息
106	http://www.stat-nba.com/coach/106.html	E	Edward Gottlieb	Edward Gottlieb	1898-09-15 00:00:00	暂无信息	暂无信息	暂无信息	6年 1支球队 3次进入季后赛	413场 173胜240负 胜率41.9%	7场 1胜6负 胜率14.3%	0次	0个	暂无信息
107	http://www.stat-nba.com/coach/107.html	E	Ed Gregory	Ed Gregory		暂无信息	暂无信息	暂无信息	1年 1支球队 0次进入季后赛	18场 4胜14负 胜率22.2%	0场	0次	0个	暂无信息
108	http://www.stat-nba.com/coach/108.html	R	里奇-盖伦	Richie Guerin	1932-05-29 00:00:00	New York, New York	Mount Saint Michael in Bronx, New York	Iona College	8年 2支球队 8次进入季后赛	618场 327胜291负 胜率52.9%	60场 26胜34负 胜率43.3%	0次	0个	1次 (67-68赛季)
109	http://www.stat-nba.com/coach/109.html	M	马特-古奥卡斯	Matt Guokas	1944-02-25 00:00:00	Philadelphia, Pennsylvania	暂无信息	Saint Joseph's University	7年 2支球队 2次进入季后赛	535场 230胜305负 胜率43.0%	17场 8胜9负 胜率47.1%	0次	0个	暂无信息
11	http://www.stat-nba.com/coach/11.html	C	克里夫-巴克	Cliff Barker	1921-01-15 00:00:00	暂无信息	暂无信息	University of Kentucky	2年 1支球队 1次进入季后赛	120场 63胜57负 胜率52.5%	6场 3胜3负 胜率50.0%	0次	0个	暂无信息
111	http://www.stat-nba.com/coach/111.html	F	弗兰克-汉伯伦	Frank Hamblen	1947-04-16 00:00:00	暂无信息	暂无信息	Syracuse	2年 2支球队 0次进入季后赛	104场 33胜71负 胜率31.7%	0场	0次	0个	暂无信息
112	http://www.stat-nba.com/coach/112.html	L	Leonard Hamilton	Leonard Hamilton		暂无信息	暂无信息	暂无信息	1年 1支球队 0次进入季后赛	82场 19胜63负 胜率23.2%	0场	0次	0个	暂无信息
113	http://www.stat-nba.com/coach/113.html	A	亚历克斯-汉纳姆	Alex Hannum	1923-07-19 00:00:00	Los Angeles, California	Alexander Hamilton in Los Angeles, California	University of Southern California	12年 5支球队 8次进入季后赛	883场 471胜412负 胜率53.3%	79场 45胜34负 胜率57.0%	3次	2个	1次 (63-64赛季)
114	http://www.stat-nba.com/coach/114.html	B	比尔-汉兹里克	Bill Hanzlik	1957-12-06 00:00:00	Middletown, Ohio	Beloit Memorial in Beloit, Wisconsin	University of Notre Dame	1年 1支球队 0次进入季后赛	82场 11胜71负 胜率13.4%	0场	0次	0个	暂无信息
115	http://www.stat-nba.com/coach/115.html	D	德尔-哈里斯	Del Harris	1937-06-18 00:00:00	Plainfield, Indiana	Plainfield in Plainfield, Indiana	Milligan College	14年 3支球队 11次进入季后赛	1013场 556胜457负 胜率54.9%	88场 38胜50负 胜率43.2%	1次	1个	1次 (94-95赛季)
116	http://www.stat-nba.com/coach/116.html	L	Les Harrison	Les Harrison	1904-08-20 00:00:00	Rochester, New York	暂无信息	暂无信息	6年 1支球队 6次进入季后赛	416场 250胜166负 胜率60.1%	34场 17胜17负 胜率50.0%	2次	1个	暂无信息
117	http://www.stat-nba.com/coach/117.html	D	Dick Harter	Dick Harter	1930-10-14 00:00:00	暂无信息	暂无信息	暂无信息	2年 1支球队 0次进入季后赛	122场 28胜94负 胜率23.0%	0场	0次	0个	暂无信息
119	http://www.stat-nba.com/coach/119.html	G	Gar Heard	Gar Heard	1948-05-03 00:00:00	Hogansville, Georgia	Ethel Knight in LaGrange, Georgia	University of Oklahoma	2年 2支球队 0次进入季后赛	97场 23胜74负 胜率23.7%	0场	0次	0个	暂无信息
12	http://www.stat-nba.com/coach/12.html	T	Tony Barone	Tony Barone	1946-07-20 00:00:00	暂无信息	暂无信息	暂无信息	1年 1支球队 0次进入季后赛	52场 16胜36负 胜率30.8%	0场	0次	0个	暂无信息
120	http://www.stat-nba.com/coach/120.html	T	汤姆-海因索恩	Tom Heinsohn	1934-08-26 00:00:00	Union City, New Jersey	Saint Michael's in Union City, New Jersey	College of the Holy Cross	9年 1支球队 6次进入季后赛	690场 427胜263负 胜率61.9%	80场 47胜33负 胜率58.8%	2次	2个	1次 (72-73赛季)
122	http://www.stat-nba.com/coach/122.html	B	Bob Hill	Bob Hill		暂无信息	暂无信息	暂无信息	9年 4支球队 5次进入季后赛	603场 310胜293负 胜率51.4%	37场 17胜20负 胜率45.9%	0次	0个	暂无信息
123	http://www.stat-nba.com/coach/123.html	B	Brian Hill	Brian Hill	1947-09-19 00:00:00	East Orange, New Jersey	Our Lady of the Valley in Orange, New Jersey	Kennedy College	9年 2支球队 4次进入季后赛	613场 298胜315负 胜率48.6%	40场 18胜22负 胜率45.0%	1次	0个	暂无信息
124	http://www.stat-nba.com/coach/124.html	L	莱昂内尔-霍林斯	Lionel Hollins	1953-10-19 00:00:00	Ark City, Kansas	Rancho in Las Vegas, Nevada	Arizona State University	9年 3支球队 4次进入季后赛	534场 262胜272负 胜率49.1%	41场 20胜21负 胜率48.8%	0次	0个	暂无信息
125	http://www.stat-nba.com/coach/125.html	R	里德-霍尔兹曼	Red Holzman	1920-08-10 00:00:00	Brooklyn, New York	Franklin K. Lane in Brooklyn, New York	City College of New York	18年 3支球队 10次进入季后赛	1300场 696胜604负 胜率53.5%	105场 58胜47负 胜率55.2%	4次	2个	1次 (69-70赛季)
126	http://www.stat-nba.com/coach/126.html	B	鲍伯-霍普金斯	Bob Hopkins	1934-11-03 00:00:00	Jonesboro, Louisiana	暂无信息	Grambling State University	1年 1支球队 0次进入季后赛	22场 5胜17负 胜率22.7%	0场	0次	0个	暂无信息
127	http://www.stat-nba.com/coach/127.html	J	杰夫-霍纳塞克	Jeff Hornacek	1963-05-03 00:00:00	Elmhurst, Illinois	Lyons Township in LaGrange, Illinois	Iowa State University	5年 2支球队 0次进入季后赛	377场 161胜216负 胜率42.7%	0场	0次	0个	暂无信息
128	http://www.stat-nba.com/coach/128.html	K	Kim Hughes	Kim Hughes	1952-06-04 00:00:00	Freeport, Illinois	Freeport in Freeport, Illinois	University of Wisconsin	1年 1支球队 0次进入季后赛	33场 8胜25负 胜率24.2%	0场	0次	0个	暂无信息
129	http://www.stat-nba.com/coach/129.html	R	Rex Hughes	Rex Hughes		暂无信息	暂无信息	暂无信息	2年 2支球队 0次进入季后赛	58场 23胜35负 胜率39.7%	0场	0次	0个	暂无信息
13	http://www.stat-nba.com/coach/13.html	T	Tom Barrise	Tom Barrise		暂无信息	暂无信息	暂无信息	1年 1支球队 0次进入季后赛	2场 0胜2负 胜率0.0%	0场	0次	0个	暂无信息
130	http://www.stat-nba.com/coach/130.html	L	林赛-亨特	Lindsey Hunter	1970-12-03 00:00:00	Utica, Mississippi	Murrah in Jackson, Mississippi	Jackson State University	1年 1支球队 0次进入季后赛	41场 12胜29负 胜率29.3%	0场	0次	0个	暂无信息
131	http://www.stat-nba.com/coach/131.html	M	马克-雅法罗尼	Marc Iavaroni	1956-09-15 00:00:00	Jamaica, New York	Kennedy in Plainview, New York	University of Virginia	2年 1支球队 0次进入季后赛	123场 33胜90负 胜率26.8%	0场	0次	0个	暂无信息
132	http://www.stat-nba.com/coach/132.html	S	Stu Inman	Stu Inman		暂无信息	暂无信息	暂无信息	1年 1支球队 0次进入季后赛	26场 6胜20负 胜率23.1%	0场	0次	0个	暂无信息
133	http://www.stat-nba.com/coach/133.html	G	George Irvine	George Irvine	1948-02-01 00:00:00	Seattle, Washington	Ballard in Seattle, Washington	University of Washington	5年 2支球队 1次进入季后赛	290场 100胜190负 胜率34.5%	3场 0胜3负 胜率0.0%	0次	0个	暂无信息
134	http://www.stat-nba.com/coach/134.html	D	丹-伊塞尔	Dan Issel	1948-10-25 00:00:00	Batavia, Illinois	Batavia in Batavia, Illinois	University of Kentucky	6年 1支球队 1次进入季后赛	388场 180胜208负 胜率46.4%	12场 6胜6负 胜率50.0%	0次	0个	暂无信息
135	http://www.stat-nba.com/coach/135.html	M	马克-杰克逊	Mark Jackson	1965-04-01 00:00:00	Brooklyn, New York	Bishop Loughlin Memorial in Brooklyn, New York	St. John's University	3年 1支球队 2次进入季后赛	230场 121胜109负 胜率52.6%	19场 9胜10负 胜率47.4%	0次	0个	暂无信息
136	http://www.stat-nba.com/coach/136.html	P	菲尔-杰克逊	Phil Jackson	1945-09-17 00:00:00	Deer Lodge, Montana	Williston in Williston, North Dakota	University of North Dakota	20年 2支球队 20次进入季后赛	1640场 1155胜485负 胜率70.4%	333场 229胜104负 胜率68.8%	13次	11个	1次 (95-96赛季)
137	http://www.stat-nba.com/coach/137.html	S	Stu Jackson	Stu Jackson		暂无信息	暂无信息	暂无信息	3年 2支球队 1次进入季后赛	136场 58胜78负 胜率42.6%	10场 4胜6负 胜率40.0%	0次	0个	暂无信息
138	http://www.stat-nba.com/coach/138.html	B	巴迪-吉纳特	Buddy Jeannette	1917-09-15 00:00:00	New Kensington, Pennsylvania	New Kensington in New Kensington, Pennsylvania	Washington & Jefferson College	4年 2支球队 1次进入季后赛	201场 79胜122负 胜率39.3%	10场 5胜5负 胜率50.0%	0次	0个	暂无信息
139	http://www.stat-nba.com/coach/139.html	C	克里斯-詹特	Chris Jent	1970-01-11 00:00:00	Orange, California	Sparta in Sparta, New Jersey	Ohio State University	1年 1支球队 0次进入季后赛	18场 5胜13负 胜率27.8%	0场	0次	0个	暂无信息
14	http://www.stat-nba.com/coach/14.html	B	鲍勃-巴斯	Bob Bass	1929-01-28 00:00:00	暂无信息	暂无信息	Oklahoma Baptist University	3年 1支球队 2次进入季后赛	111场 60胜51负 胜率54.1%	6场 1胜5负 胜率16.7%	0次	0个	暂无信息
140	http://www.stat-nba.com/coach/140.html	D	戴夫-乔格尔	Dave Joerger	1974-02-21 00:00:00	暂无信息	暂无信息	Minnesota State University Moorhead	5年 2支球队 3次进入季后赛	410场 206胜204负 胜率50.2%	22场 9胜13负 胜率40.9%	0次	0个	暂无信息
141	http://www.stat-nba.com/coach/141.html	A	艾弗里-约翰逊	Avery Johnson	1965-03-25 00:00:00	New Orleans, Louisiana	Saint Augustine in New Orleans, Louisiana	Southern University and A&M College	7年 3支球队 4次进入季后赛	440场 254胜186负 胜率57.7%	47场 23胜24负 胜率48.9%	1次	0个	1次 (05-06赛季)
142	http://www.stat-nba.com/coach/142.html	D	丹尼斯-约翰逊	Dennis Johnson	1954-09-18 00:00:00	San Pedro, California	Dominguez in Compton, California	Pepperdine University	1年 1支球队 0次进入季后赛	24场 8胜16负 胜率33.3%	0场	0次	0个	暂无信息
143	http://www.stat-nba.com/coach/143.html	F	弗兰克-约翰逊	Frank Johnson	1958-11-23 00:00:00	Weirsdale, Florida	Lake Weir in Summerfield, Florida	Wake Forest University	3年 1支球队 1次进入季后赛	134场 63胜71负 胜率47.0%	6场 2胜4负 胜率33.3%	0次	0个	暂无信息
144	http://www.stat-nba.com/coach/144.html	M	埃尔文-约翰逊	Magic Johnson	1959-08-14 00:00:00	Lansing, Michigan	Everett in Lansing, Michigan	Michigan State University	1年 1支球队 0次进入季后赛	16场 5胜11负 胜率31.3%	0场	0次	0个	暂无信息
145	http://www.stat-nba.com/coach/145.html	P	Phil Johnson	Phil Johnson		暂无信息	暂无信息	暂无信息	9年 4支球队 2次进入季后赛	543场 236胜307负 胜率43.5%	9场 2胜7负 胜率22.2%	0次	0个	1次 (74-75赛季)
146	http://www.stat-nba.com/coach/146.html	N	尼尔-约翰斯顿	Neil Johnston	1929-02-04 00:00:00	Chillicothe, Ohio	Chillicothe in Chillicothe, Ohio	Ohio State University	2年 1支球队 2次进入季后赛	154场 95胜59负 胜率61.7%	12场 4胜8负 胜率33.3%	0次	0个	暂无信息
147	http://www.stat-nba.com/coach/147.html	K	K-C-琼斯	K.C. Jones	1932-05-25 00:00:00	Taylor, Texas	Commerce in San Francisco, California	University of San Francisco	10年 4支球队 9次进入季后赛	774场 522胜252负 胜率67.4%	138场 81胜57负 胜率58.7%	5次	2个	暂无信息
148	http://www.stat-nba.com/coach/148.html	W	Wally Jones	Wally Jones		暂无信息	暂无信息	暂无信息	1年 1支球队 1次进入季后赛	12场 7胜5负 胜率58.3%	3场 1胜2负 胜率33.3%	0次	0个	暂无信息
149	http://www.stat-nba.com/coach/149.html	E	埃迪-乔丹	Eddie Jordan	1955-01-29 00:00:00	Washington, District of Columbia	Archbishop Carroll in Washington, District of Columbia	Rutgers University	9年 3支球队 4次进入季后赛	600场 257胜343负 胜率42.8%	26场 8胜18负 胜率30.8%	0次	0个	暂无信息
15	http://www.stat-nba.com/coach/15.html	E	埃尔金-贝勒	Elgin Baylor	1934-09-16 00:00:00	Washington, District of Columbia	Spingarn in Washington, District of Columbia	Seattle University	4年 1支球队 0次进入季后赛	221场 86胜135负 胜率38.9%	0场	0次	0个	暂无信息
150	http://www.stat-nba.com/coach/150.html	E	Ed Jucker	Ed Jucker		暂无信息	暂无信息	暂无信息	2年 1支球队 0次进入季后赛	164场 80胜84负 胜率48.8%	0场	0次	0个	暂无信息
151	http://www.stat-nba.com/coach/151.html	A	Alvin Julian	Alvin Julian	1901-04-05 00:00:00	暂无信息	暂无信息	暂无信息	1年 1支球队 0次进入季后赛	68场 22胜46负 胜率32.4%	0场	0次	0个	暂无信息
152	http://www.stat-nba.com/coach/152.html	G	乔治-卡尔	George Karl	1951-05-12 00:00:00	Penn Hills, Pennsylvania	Penn Hills in Penn Hills, Pennsylvania	University of North Carolina	27年 6支球队 22次进入季后赛	1999场 1175胜824负 胜率58.8%	185场 80胜105负 胜率43.2%	1次	0个	1次 (12-13赛季)
153	http://www.stat-nba.com/coach/153.html	B	鲍伯-考夫曼	Bob Kauffman	1946-07-13 00:00:00	Brooklyn, New York	Scarsdale in Scarsdale, New York	Guilford College	1年 1支球队 0次进入季后赛	58场 29胜29负 胜率50.0%	0场	0次	0个	暂无信息
154	http://www.stat-nba.com/coach/154.html	R	Red Kerr	Red Kerr	1932-07-17 00:00:00	Chicago, Illinois	Tilden in Chicago, Illinois	University of Illinois at Urbana-Champaign	4年 2支球队 2次进入季后赛	283场 93胜190负 胜率32.9%	8场 1胜7负 胜率12.5%	0次	0个	1次 (66-67赛季)
155	http://www.stat-nba.com/coach/155.html	J	杰森-基德	Jason Kidd	1973-03-23 00:00:00	San Francisco, California	Saint Joseph of Notre Dame in Alameda, California	University of California	5年 2支球队 3次进入季后赛	373场 183胜190负 胜率49.1%	24场 9胜15负 胜率37.5%	0次	0个	暂无信息
156	http://www.stat-nba.com/coach/156.html	B	Bob Kloppenburg	Bob Kloppenburg		暂无信息	暂无信息	暂无信息	2年 2支球队 0次进入季后赛	7场 2胜5负 胜率28.6%	0场	0次	0个	暂无信息
157	http://www.stat-nba.com/coach/157.html	L	Lon Kruger	Lon Kruger		暂无信息	暂无信息	暂无信息	3年 1支球队 0次进入季后赛	191场 69胜122负 胜率36.1%	0场	0次	0个	暂无信息
158	http://www.stat-nba.com/coach/158.html	L	拉里-克里斯科维亚克	Larry Krystkowiak	1964-09-23 00:00:00	Missoula, Montana	Big Sky in Missoula, Montana	University of Montana	2年 1支球队 0次进入季后赛	100场 31胜69负 胜率31.0%	0场	0次	0个	暂无信息
159	http://www.stat-nba.com/coach/159.html	J	约翰-库斯特	John Kuester	1955-02-06 00:00:00	Richmond, Virginia	Benedictine in Richmond, Virginia	University of North Carolina	2年 1支球队 0次进入季后赛	164场 57胜107负 胜率34.8%	0场	0次	0个	暂无信息
16	http://www.stat-nba.com/coach/16.html	B	布奇-贝尔德	Butch Beard	1947-05-04 00:00:00	Hardinsburg, Kentucky	Breckenridge County in Hardinsburg, Kentucky	University of Louisville	2年 1支球队 0次进入季后赛	164场 60胜104负 胜率36.6%	0场	0次	0个	暂无信息
160	http://www.stat-nba.com/coach/160.html	J	约翰-库达尔	John Kundla	1916-07-03 00:00:00	Star Junction, Pennsylvania	Minneapolis Central in Minneapolis, Minnesota	University of Minnesota	10年 1支球队 9次进入季后赛	665场 379胜286负 胜率57.0%	85场 52胜33负 胜率61.2%	5次	4个	暂无信息
161	http://www.stat-nba.com/coach/161.html	B	Bob Lanier	Bob Lanier	1948-09-10 00:00:00	Buffalo, New York	Bennett in Buffalo, New York	St. Bonaventure University	1年 1支球队 0次进入季后赛	37场 12胜25负 胜率32.4%	0场	0次	0个	暂无信息
162	http://www.stat-nba.com/coach/162.html	J	Joe Lapchick	Joe Lapchick	1900-04-12 00:00:00	Yonkers, New York	暂无信息	暂无信息	7年 1支球队 6次进入季后赛	465场 268胜197负 胜率57.6%	51场 26胜25负 胜率51.0%	3次	0个	暂无信息
163	http://www.stat-nba.com/coach/163.html	F	弗兰克-雷登	Frank Layden	1932-01-05 00:00:00	Brooklyn, New York	Fort Hamilton in Brooklyn, New York	Niagara University	8年 1支球队 5次进入季后赛	571场 277胜294负 胜率48.5%	41场 18胜23负 胜率43.9%	0次	0个	1次 (83-84赛季)
164	http://www.stat-nba.com/coach/164.html	G	George Lee	George Lee	1936-11-23 00:00:00	暂无信息	Highland Park in Highland Park, Michigan	University of Michigan	2年 1支球队 1次进入季后赛	134场 63胜71负 胜率47.0%	6场 2胜4负 胜率33.3%	0次	0个	暂无信息
165	http://www.stat-nba.com/coach/165.html	S	Slick Leonard	Slick Leonard	1932-07-17 00:00:00	Terre Haute, Indiana	Gerstmeyer in Terre Haute, Indiana	Indiana University	6年 3支球队 0次进入季后赛	450场 186胜264负 胜率41.3%	0场	0次	0个	暂无信息
166	http://www.stat-nba.com/coach/166.html	A	安德鲁-勒瓦尼	Andrew Levane	1920-04-11 00:00:00	Brooklyn, New York	James Madison in Brooklyn, New York	St. John's University	5年 3支球队 1次进入季后赛	276场 106胜170负 胜率38.4%	2场 0胜2负 胜率0.0%	0次	0个	暂无信息
167	http://www.stat-nba.com/coach/167.html	G	格兰迪-刘易斯	Grady Lewis	1917-03-25 00:00:00	Boyd, Texas	暂无信息	University of Oklahoma	1年 1支球队 0次进入季后赛	68场 26胜42负 胜率38.2%	0场	0次	0个	暂无信息
168	http://www.stat-nba.com/coach/168.html	G	Gene Littles	Gene Littles	1943-06-29 00:00:00	Washington, District of Columbia	McKinley in Washington, District of Columbia	High Point University	4年 3支球队 0次进入季后赛	155场 44胜111负 胜率28.4%	0场	0次	0个	暂无信息
169	http://www.stat-nba.com/coach/169.html	E	厄尔-洛依德	Earl Lloyd	1928-04-03 00:00:00	暂无信息	Parker-Gray in Alexandria, Virginia	West Virginia State University	2年 1支球队 0次进入季后赛	77场 22胜55负 胜率28.6%	0场	0次	0个	暂无信息
17	http://www.stat-nba.com/coach/17.html	C	Clair Bee	Clair Bee	1896-03-03 00:00:00	暂无信息	暂无信息	Waynesburg College	2年 1支球队 0次进入季后赛	139场 32胜107负 胜率23.0%	0场	0次	0个	暂无信息
170	http://www.stat-nba.com/coach/170.html	T	Tates Locke	Tates Locke		暂无信息	暂无信息	暂无信息	1年 1支球队 0次进入季后赛	46场 16胜30负 胜率34.8%	0场	0次	0个	暂无信息
172	http://www.stat-nba.com/coach/172.html	J	John Logan	John Logan	1921-01-01 00:00:00	Richmond, Indiana	暂无信息	Indiana University	1年 1支球队 0次进入季后赛	3场 2胜1负 胜率66.7%	0场	0次	0个	暂无信息
173	http://www.stat-nba.com/coach/173.html	K	凯文-朗格利	Kevin Loughery	1940-03-28 00:00:00	Brooklyn, New York	Cardinal Hayes in Bronx, New York	St. John's University	17年 7支球队 8次进入季后赛	1136场 474胜662负 胜率41.7%	27场 6胜21负 胜率22.2%	0次	0个	暂无信息
174	http://www.stat-nba.com/coach/174.html	S	西德尼-洛维	Sidney Lowe	1960-01-21 00:00:00	Washington, District of Columbia	DeMatha Catholic in Hyattsville, Maryland	North Carolina State University	5年 3支球队 0次进入季后赛	307场 79胜228负 胜率25.7%	0场	0次	0个	暂无信息
175	http://www.stat-nba.com/coach/175.html	J	约翰-卢卡斯	John Lucas	1953-10-31 00:00:00	Durham, North Carolina	Hillside in Durham, North Carolina	University of Maryland	6年 3支球队 2次进入季后赛	431场 173胜258负 胜率40.1%	14场 6胜8负 胜率42.9%	0次	0个	暂无信息
176	http://www.stat-nba.com/coach/176.html	J	吉姆-利那姆	Jim Lynam	1941-09-15 00:00:00	暂无信息	暂无信息	暂无信息	10年 4支球队 3次进入季后赛	720场 328胜392负 胜率45.6%	21场 8胜13负 胜率38.1%	0次	0个	暂无信息
177	http://www.stat-nba.com/coach/177.html	E	爱德-麦考雷	Ed Macauley	1928-03-22 00:00:00	St. Louis, Missouri	Saint Louis University High School in St. Louis, Missouri	Saint Louis University	2年 1支球队 2次进入季后赛	137场 89胜48负 胜率65.0%	20场 9胜11负 胜率45.0%	1次	0个	暂无信息
178	http://www.stat-nba.com/coach/178.html	B	Bob MacKinnon	Bob MacKinnon		暂无信息	暂无信息	暂无信息	3年 2支球队 0次进入季后赛	93场 25胜68负 胜率26.9%	0场	0次	0个	暂无信息
179	http://www.stat-nba.com/coach/179.html	J	约翰-麦克劳德	John MacLeod	1937-10-03 00:00:00	New Albany, Indiana	New Providence in Clarksville, Indiana	Bellarmine University	18年 3支球队 11次进入季后赛	1364场 707胜657负 胜率51.8%	101场 47胜54负 胜率46.5%	2次	0个	暂无信息
180	http://www.stat-nba.com/coach/180.html	B	Brendan Malone	Brendan Malone		暂无信息	暂无信息	暂无信息	2年 2支球队 0次进入季后赛	100场 29胜71负 胜率29.0%	0场	0次	0个	暂无信息
181	http://www.stat-nba.com/coach/181.html	M	迈克-马龙	Mike Malone		暂无信息	暂无信息	Loyola College in Maryland	5年 2支球队 0次进入季后赛	352场 158胜194负 胜率44.9%	0场	0次	0个	暂无信息
182	http://www.stat-nba.com/coach/182.html	T	Tom Marshall	Tom Marshall	1931-01-06 00:00:00	暂无信息	Mount Juliet in Mount Juliet, Tennessee	Western Kentucky University	2年 1支球队 0次进入季后赛	129场 35胜94负 胜率27.1%	0场	0次	0个	暂无信息
183	http://www.stat-nba.com/coach/183.html	S	Slater Martin	Slater Martin	1925-10-22 00:00:00	El Mina, Texas	Jefferson Davis in Houston, Texas	University of Texas at Austin	1年 1支球队 0次进入季后赛	8场 5胜3负 胜率62.5%	0场	0次	0个	暂无信息
184	http://www.stat-nba.com/coach/184.html	J	Johnny McCarthy	Johnny McCarthy	1934-04-25 00:00:00	暂无信息	Timon in Buffalo, New York	Canisius College	1年 1支球队 0次进入季后赛	81场 22胜59负 胜率27.2%	0场	0次	0个	暂无信息
185	http://www.stat-nba.com/coach/185.html	J	杰克-麦克罗斯基	Jack McCloskey	1925-09-19 00:00:00	暂无信息	暂无信息	University of Pennsylvania	2年 1支球队 0次进入季后赛	164场 48胜116负 胜率29.3%	0场	0次	0个	暂无信息
186	http://www.stat-nba.com/coach/186.html	D	Dick McGuire	Dick McGuire	1926-01-25 00:00:00	Huntington, New York	La Salle Academy in New York, New York	St. John's University	7年 2支球队 5次进入季后赛	457场 197胜260负 胜率43.1%	25场 9胜16负 胜率36.0%	0次	0个	暂无信息
187	http://www.stat-nba.com/coach/187.html	F	Frank McGuire	Frank McGuire		暂无信息	暂无信息	暂无信息	1年 1支球队 1次进入季后赛	80场 49胜31负 胜率61.3%	12场 6胜6负 胜率50.0%	0次	0个	暂无信息
188	http://www.stat-nba.com/coach/188.html	K	凯文-麦克海尔	Kevin McHale	1957-12-19 00:00:00	Hibbing, Minnesota	Hibbing in Hibbing, Minnesota	University of Minnesota	7年 2支球队 3次进入季后赛	417场 232胜185负 胜率55.6%	29场 13胜16负 胜率44.8%	0次	0个	暂无信息
189	http://www.stat-nba.com/coach/189.html	M	Morris McHone	Morris McHone		暂无信息	暂无信息	暂无信息	1年 1支球队 0次进入季后赛	31场 11胜20负 胜率35.5%	0场	0次	0个	暂无信息
19	http://www.stat-nba.com/coach/19.html	B	Bill Berry	Bill Berry	1942-01-01 00:00:00	暂无信息	暂无信息	Michigan State University	1年 1支球队 0次进入季后赛	2场 0胜2负 胜率0.0%	0场	0次	0个	暂无信息
190	http://www.stat-nba.com/coach/190.html	B	Bones McKinney	Bones McKinney	1919-01-01 00:00:00	Lowlands, North Carolina	Durham in Durham, North Carolina	University of North Carolina	1年 1支球队 0次进入季后赛	35场 10胜25负 胜率28.6%	0场	0次	0个	暂无信息
191	http://www.stat-nba.com/coach/191.html	J	Jack McKinney	Jack McKinney		暂无信息	暂无信息	暂无信息	6年 3支球队 1次进入季后赛	351场 136胜215负 胜率38.7%	2场 0胜2负 胜率0.0%	0次	0个	1次 (80-81赛季)
192	http://www.stat-nba.com/coach/192.html	J	杰克-麦克马洪	Jack McMahon	1928-12-03 00:00:00	暂无信息	Saint Michael's in Brooklyn, New York	St. John's University	8年 3支球队 5次进入季后赛	549场 260胜289负 胜率47.4%	29场 10胜19负 胜率34.5%	0次	0个	暂无信息
193	http://www.stat-nba.com/coach/193.html	D	Dave McMillan	Dave McMillan	1886-12-24 00:00:00	暂无信息	暂无信息	暂无信息	1年 1支球队 0次进入季后赛	23场 9胜14负 胜率39.1%	0场	0次	0个	暂无信息
194	http://www.stat-nba.com/coach/194.html	N	内特-麦克米兰	Nate McMillan	1964-08-03 00:00:00	Raleigh, North Carolina	Enloe in Raleigh, North Carolina	North Carolina State University	14年 3支球队 7次进入季后赛	1094场 568胜526负 胜率51.9%	45场 17胜28负 胜率37.8%	0次	0个	暂无信息
195	http://www.stat-nba.com/coach/195.html	M	Murray Mendenhall	Murray Mendenhall	1898-03-05 00:00:00	暂无信息	暂无信息	暂无信息	2年 1支球队 2次进入季后赛	136场 72胜64负 胜率52.9%	7场 3胜4负 胜率42.9%	0次	0个	暂无信息
196	http://www.stat-nba.com/coach/196.html	G	乔治-迈肯	George Mikan	1924-06-18 00:00:00	Joliet, Illinois	Archbishop Quigley Preparatory Seminary in Chicago, Illinois	DePaul University	1年 1支球队 0次进入季后赛	39场 9胜30负 胜率23.1%	0场	0次	0个	暂无信息
197	http://www.stat-nba.com/coach/197.html	S	萨姆-米切尔	Sam Mitchell	1963-09-02 00:00:00	Columbus, Georgia	Columbus in Columbus, Georgia	Mercer University	6年 2支球队 2次进入季后赛	427场 185胜242负 胜率43.3%	11场 3胜8负 胜率27.3%	0次	0个	1次 (06-07赛季)
198	http://www.stat-nba.com/coach/198.html	D	Doug Moe	Doug Moe	1938-09-21 00:00:00	Brooklyn, New York	The Bullis School in Potomac, Maryland	University of North Carolina	15年 3支球队 12次进入季后赛	1157场 628胜529负 胜率54.3%	83场 33胜50负 胜率39.8%	0次	0个	1次 (87-88赛季)
199	http://www.stat-nba.com/coach/199.html	M	Mike Montgomery	Mike Montgomery	1947-02-27 00:00:00	Long Beach, California	Millikan in Long Beach, California	California State University, Long Beach	2年 1支球队 0次进入季后赛	164场 68胜96负 胜率41.5%	0场	0次	0个	暂无信息
2	http://www.stat-nba.com/coach/2.html	R	里奇-阿杜巴图	Richie Adubato	1937-11-23 00:00:00	Irvington, New Jersey	暂无信息	暂无信息	6年 3支球队 2次进入季后赛	367场 127胜240负 胜率34.6%	8场 2胜6负 胜率25.0%	0次	0个	暂无信息
20	http://www.stat-nba.com/coach/20.html	B	Bill Bertka	Bill Bertka	1927-08-08 00:00:00	暂无信息	暂无信息	Kent State University	2年 1支球队 0次进入季后赛	3场 2胜1负 胜率66.7%	0场	0次	0个	暂无信息
200	http://www.stat-nba.com/coach/200.html	D	Doxie Moore	Doxie Moore	1911-02-13 00:00:00	暂无信息	暂无信息	暂无信息	2年 2支球队 1次进入季后赛	92场 32胜60负 胜率34.8%	8场 4胜4负 胜率50.0%	0次	0个	暂无信息
202	http://www.stat-nba.com/coach/202.html	D	Dick Motta	Dick Motta	1931-09-03 00:00:00	Midvale, Utah	Jordan in Sandy, Utah	Utah State University	25年 5支球队 14次进入季后赛	1952场 935胜1017负 胜率47.9%	126场 56胜70负 胜率44.4%	2次	1个	1次 (70-71赛季)
203	http://www.stat-nba.com/coach/203.html	J	乔-穆兰尼	Joe Mullaney	1925-11-17 00:00:00	Long Island, New York	Chaminade in Mineola, New York	College of the Holy Cross	3年 2支球队 2次进入季后赛	193场 105胜88负 胜率54.4%	30场 16胜14负 胜率53.3%	1次	0个	暂无信息
204	http://www.stat-nba.com/coach/204.html	B	Bill Musselman	Bill Musselman		暂无信息	暂无信息	暂无信息	4年 2支球队 0次进入季后赛	258场 78胜180负 胜率30.2%	0场	0次	0个	暂无信息
205	http://www.stat-nba.com/coach/205.html	E	Eric Musselman	Eric Musselman		暂无信息	暂无信息	暂无信息	3年 2支球队 0次进入季后赛	246场 108胜138负 胜率43.9%	0场	0次	0个	暂无信息
206	http://www.stat-nba.com/coach/206.html	P	皮特-梅耶斯	Pete Myers	1963-09-15 00:00:00	Mobile, Alabama	Williamson in Mobile, Alabama	University of Arkansas at Little Rock	2年 1支球队 0次进入季后赛	3场 0胜3负 胜率0.0%	0场	0次	0个	暂无信息
207	http://www.stat-nba.com/coach/207.html	K	Kenny Natt	Kenny Natt	1958-10-05 00:00:00	Monroe, Louisiana	Bastrop in Bastrop, Louisiana	University of Louisiana at Monroe	1年 1支球队 0次进入季后赛	58场 11胜47负 胜率19.0%	0场	0次	0个	暂无信息
208	http://www.stat-nba.com/coach/208.html	D	唐-尼尔森	Don Nelson	1940-05-15 00:00:00	Muskegon, Michigan	Rock Island in Rock Island, Illinois	University of Iowa	31年 4支球队 18次进入季后赛	2398场 1335胜1063负 胜率55.7%	166场 75胜91负 胜率45.2%	0次	0个	3次 (91-92,82-83,84-85赛季)
209	http://www.stat-nba.com/coach/209.html	T	汤姆-尼萨尔科	Tom Nissalke	1932-07-07 00:00:00	Madison, Wisconsin	暂无信息	暂无信息	9年 4支球队 2次进入季后赛	639场 248胜391负 胜率38.8%	14场 6胜8负 胜率42.9%	0次	0个	1次 (76-77赛季)
21	http://www.stat-nba.com/coach/21.html	A	艾尔-比安奇	Al Bianchi	1932-03-26 00:00:00	Long Island City, New York	暂无信息	Bowling Green State University	2年 1支球队 0次进入季后赛	164场 53胜111负 胜率32.3%	0场	0次	0个	暂无信息
210	http://www.stat-nba.com/coach/210.html	J	Jim O'Brien	Jim O'Brien		暂无信息	暂无信息	暂无信息	9年 3支球队 3次进入季后赛	630场 303胜327负 胜率48.1%	31场 14胜17负 胜率45.2%	0次	0个	暂无信息
211	http://www.stat-nba.com/coach/211.html	K	Kevin O'Neill	Kevin O'Neill		暂无信息	暂无信息	暂无信息	1年 1支球队 0次进入季后赛	82场 33胜49负 胜率40.2%	0场	0次	0个	暂无信息
213	http://www.stat-nba.com/coach/213.html	B	鲍勃-佩蒂特	Bob Pettit	1932-12-12 00:00:00	Baton Rouge, Louisiana	Baton Rouge in Baton Rouge, Louisiana	Louisiana State University	1年 1支球队 0次进入季后赛	6场 4胜2负 胜率66.7%	0场	0次	0个	暂无信息
214	http://www.stat-nba.com/coach/214.html	R	Randy Pfund	Randy Pfund		暂无信息	暂无信息	暂无信息	2年 1支球队 1次进入季后赛	146场 66胜80负 胜率45.2%	5场 2胜3负 胜率40.0%	0次	0个	暂无信息
215	http://www.stat-nba.com/coach/215.html	A	Andy Phillip	Andy Phillip	1922-03-07 00:00:00	Granite City, Illinois	Granite City in Granite City, Illinois	University of Illinois at Urbana-Champaign	1年 1支球队 0次进入季后赛	10场 6胜4负 胜率60.0%	0场	0次	0个	暂无信息
216	http://www.stat-nba.com/coach/216.html	R	Rick Pitino	Rick Pitino	1952-09-18 00:00:00	New York, New York	Saint Dominic in Oyster Bay, New York	University of Massachusetts Amherst	6年 2支球队 2次进入季后赛	412场 192胜220负 胜率46.6%	13场 6胜7负 胜率46.2%	0次	0个	暂无信息
217	http://www.stat-nba.com/coach/217.html	J	Jim Pollard	Jim Pollard	1922-07-09 00:00:00	Oakland, California	Oakland Technical in Oakland, California	Stanford University	2年 2支球队 1次进入季后赛	119场 32胜87负 胜率26.9%	9场 5胜4负 胜率55.6%	0次	0个	暂无信息
218	http://www.stat-nba.com/coach/218.html	G	格雷格-波波维奇	Gregg Popovich	1949-01-28 00:00:00	East Chicago, Indiana	Merrilville in Merrilville, Indiana	United States Air Force Academy	22年 1支球队 21次进入季后赛	1738场 1197胜541负 胜率68.9%	277场 167胜110负 胜率60.3%	6次	5个	3次 (02-03,11-12,13-14赛季)
219	http://www.stat-nba.com/coach/219.html	T	Terry Porter	Terry Porter	1963-04-08 00:00:00	Milwaukee, Wisconsin	South Division in Milwaukee, Wisconsin	University of Wisconsin-Stevens Point	3年 2支球队 1次进入季后赛	215场 99胜116负 胜率46.0%	5场 1胜4负 胜率20.0%	0次	0个	暂无信息
22	http://www.stat-nba.com/coach/22.html	B	伯尼-比克斯达夫	Bernie Bickerstaff	1944-02-11 00:00:00	Benham, Kentucky	East Benham in Benham, Kentucky	University of San Diego	15年 6支球队 5次进入季后赛	937场 419胜518负 胜率44.7%	33场 12胜21负 胜率36.4%	0次	0个	暂无信息
220	http://www.stat-nba.com/coach/220.html	R	Roger Potter	Roger Potter		暂无信息	暂无信息	暂无信息	1年 1支球队 0次进入季后赛	7场 1胜6负 胜率14.3%	0场	0次	0个	暂无信息
221	http://www.stat-nba.com/coach/221.html	K	Kevin Pritchard	Kevin Pritchard	1967-07-17 00:00:00	Bloomington, Indiana	Thomas Edison in Tulsa, Oklahoma	University of Kansas	1年 1支球队 0次进入季后赛	27场 5胜22负 胜率18.5%	0场	0次	0个	暂无信息
222	http://www.stat-nba.com/coach/222.html	K	科特-兰比斯	Kurt Rambis	1958-02-25 00:00:00	Cupertino, California	Cupertino in Cupertino, California	Santa Clara University	4年 3支球队 1次进入季后赛	229场 65胜164负 胜率28.4%	8场 3胜5负 胜率37.5%	0次	0个	暂无信息
223	http://www.stat-nba.com/coach/223.html	J	Jack Ramsay	Jack Ramsay	1925-02-21 00:00:00	Philadelphia, Pennsylvania	Upper Darby in Drexel Hill, Pennsylvania	Saint Joseph's University	21年 4支球队 16次进入季后赛	1647场 864胜783负 胜率52.5%	102场 44胜58负 胜率43.1%	1次	1个	暂无信息
224	http://www.stat-nba.com/coach/224.html	W	威利斯-里德	Willis Reed	1942-06-25 00:00:00	Hico, Louisiana	West Side in Lillie, Louisiana	Grambling State University	4年 2支球队 1次进入季后赛	206场 82胜124负 胜率39.8%	6场 2胜4负 胜率33.3%	0次	0个	暂无信息
225	http://www.stat-nba.com/coach/225.html	C	Chick Reiser	Chick Reiser	1914-12-17 00:00:00	暂无信息	Stuyvesant in New York, New York	New York University	2年 1支球队 0次进入季后赛	30场 8胜22负 胜率26.7%	0场	0次	0个	暂无信息
226	http://www.stat-nba.com/coach/226.html	J	Jerry Reynolds	Jerry Reynolds		暂无信息	暂无信息	暂无信息	4年 1支球队 0次进入季后赛	170场 56胜114负 胜率32.9%	0场	0次	0个	暂无信息
227	http://www.stat-nba.com/coach/227.html	P	帕特-莱利	Pat Riley	1945-03-20 00:00:00	Rome, New York	Linton in Schenectady, New York	University of Kentucky	24年 3支球队 21次进入季后赛	1904场 1210胜694负 胜率63.6%	282场 171胜111负 胜率60.6%	9次	5个	3次 (89-90,96-97,92-93赛季)
228	http://www.stat-nba.com/coach/228.html	D	道格-里弗斯	Doc Rivers	1961-10-13 00:00:00	Chicago, Illinois	Proviso East in Maywood, Illinois	Marquette University	19年 3支球队 14次进入季后赛	1470场 846胜624负 胜率57.6%	161场 82胜79负 胜率50.9%	2次	1个	1次 (99-00赛季)
229	http://www.stat-nba.com/coach/229.html	S	斯科蒂-罗波特森	Scotty Robertson	1930-02-01 00:00:00	Fort Smith, Arkansas	暂无信息	暂无信息	5年 3支球队 0次进入季后赛	287场 109胜178负 胜率38.0%	0场	0次	0个	暂无信息
23	http://www.stat-nba.com/coach/23.html	P	Paul Birch	Paul Birch	1910-01-10 00:00:00	暂无信息	暂无信息	Duquesne University	3年 1支球队 3次进入季后赛	207场 105胜102负 胜率50.7%	14场 4胜10负 胜率28.6%	0次	0个	暂无信息
230	http://www.stat-nba.com/coach/230.html	R	Red Rocha	Red Rocha	1923-09-18 00:00:00	Hilo, Hawaii	Hilo in Hilo, Hawaii	Oregon State University	3年 1支球队 2次进入季后赛	153场 65胜88负 胜率42.5%	10场 4胜6负 胜率40.0%	0次	0个	暂无信息
231	http://www.stat-nba.com/coach/231.html	J	吉米-罗杰斯	Jimmy Rodgers	1943-03-12 00:00:00	暂无信息	暂无信息	Iowa	4年 2支球队 2次进入季后赛	275场 115胜160负 胜率41.8%	8场 2胜6负 胜率25.0%	0次	0个	暂无信息
233	http://www.stat-nba.com/coach/233.html	R	Ron Rothstein	Ron Rothstein		暂无信息	暂无信息	暂无信息	4年 2支球队 0次进入季后赛	328场 97胜231负 胜率29.6%	0场	0次	0个	暂无信息
234	http://www.stat-nba.com/coach/234.html	R	Roy Rubin	Roy Rubin		暂无信息	暂无信息	暂无信息	1年 1支球队 0次进入季后赛	51场 4胜47负 胜率7.8%	0场	0次	0个	暂无信息
235	http://www.stat-nba.com/coach/235.html	B	比尔-拉塞尔	Bill Russell	1934-02-12 00:00:00	Monroe, Louisiana	McClymonds in Oakland, California	University of San Francisco	8年 3支球队 5次进入季后赛	631场 341胜290负 胜率54.0%	61场 34胜27负 胜率55.7%	2次	2个	暂无信息
239	http://www.stat-nba.com/coach/239.html	T	汤姆-桑德斯	Tom Sanders	1938-11-08 00:00:00	New York, New York	Seward Park in New York, New York	New York University	2年 1支球队 0次进入季后赛	62场 23胜39负 胜率37.1%	0场	0次	0个	暂无信息
24	http://www.stat-nba.com/coach/24.html	L	拉里-伯德	Larry Bird	1956-12-07 00:00:00	West Baden, Indiana	Springs Valley in French Lick, Indiana	Indiana State University	3年 1支球队 3次进入季后赛	214场 147胜67负 胜率68.7%	52场 32胜20负 胜率61.5%	1次	0个	1次 (97-98赛季)
240	http://www.stat-nba.com/coach/240.html	F	菲利普-桑德斯	Flip Saunders	1955-02-23 00:00:00	Cleveland, Ohio	Cuyahoga Heights in Cuyahoga Heights, Ohio	University of Minnesota	17年 3支球队 11次进入季后赛	1246场 654胜592负 胜率52.5%	98场 47胜51负 胜率48.0%	0次	0个	暂无信息
241	http://www.stat-nba.com/coach/241.html	H	Herm Schaefer	Herm Schaefer	1918-12-20 00:00:00	暂无信息	Central in Fort Wayne, Indiana	Indiana University	2年 1支球队 2次进入季后赛	137场 62胜75负 胜率45.3%	4场 0胜4负 胜率0.0%	0次	0个	暂无信息
242	http://www.stat-nba.com/coach/242.html	F	Fred Schaus	Fred Schaus	1925-06-30 00:00:00	Newark, Ohio	暂无信息	West Virginia University	7年 1支球队 7次进入季后赛	560场 315胜245负 胜率56.3%	71场 33胜38负 胜率46.5%	4次	0个	暂无信息
243	http://www.stat-nba.com/coach/243.html	D	多尔夫-谢伊斯	Dolph Schayes	1928-05-19 00:00:00	New York, New York	DeWitt Clinton in Bronx, New York	New York University	5年 2支球队 3次进入季后赛	323场 151胜172负 胜率46.7%	21场 9胜12负 胜率42.9%	1次	0个	1次 (65-66赛季)
244	http://www.stat-nba.com/coach/244.html	M	Mike Schuler	Mike Schuler	1940-09-22 00:00:00	Portsmouth, Ohio	Portsmouth in Portsmouth, Ohio	Ohio University	5年 2支球队 2次进入季后赛	338场 179胜159负 胜率53.0%	8场 2胜6负 胜率25.0%	0次	0个	1次 (86-87赛季)
245	http://www.stat-nba.com/coach/245.html	H	Howie Schultz	Howie Schultz		暂无信息	暂无信息	暂无信息	1年 1支球队 0次进入季后赛	35场 21胜14负 胜率60.0%	0场	0次	0个	暂无信息
246	http://www.stat-nba.com/coach/246.html	F	Fred Scolari	Fred Scolari	1922-03-01 00:00:00	暂无信息	暂无信息	University of San Francisco	1年 1支球队 0次进入季后赛	39场 12胜27负 胜率30.8%	0场	0次	0个	暂无信息
247	http://www.stat-nba.com/coach/247.html	B	拜伦-斯科特	Byron Scott	1961-03-28 00:00:00	Ogden, Utah	Morningside in Inglewood, California	Arizona State University	15年 4支球队 4次进入季后赛	1101场 454胜647负 胜率41.2%	57场 33胜24负 胜率57.9%	2次	0个	1次 (07-08赛季)
248	http://www.stat-nba.com/coach/248.html	R	Ray Scott	Ray Scott	1938-07-12 00:00:00	Philadelphia, Pennsylvania	West Philadelphia in Philadelphia, Pennsylvania	University of Portland	4年 1支球队 2次进入季后赛	281场 147胜134负 胜率52.3%	10场 4胜6负 胜率40.0%	0次	0个	1次 (73-74赛季)
249	http://www.stat-nba.com/coach/249.html	G	George Senesky	George Senesky	1922-04-04 00:00:00	Mahanoy City, Pennsylvania	Mahanoy City in Mahanoy City, Pennsylvania	Saint Joseph's University	3年 1支球队 3次进入季后赛	216场 119胜97负 胜率55.1%	20场 10胜10负 胜率50.0%	1次	1个	暂无信息
25	http://www.stat-nba.com/coach/25.html	B	Bill Blair	Bill Blair	1942-03-17 00:00:00	暂无信息	暂无信息	Virginia Military Institute	3年 2支球队 1次进入季后赛	108场 29胜79负 胜率26.9%	2场 0胜2负 胜率0.0%	0次	0个	暂无信息
250	http://www.stat-nba.com/coach/250.html	P	Paul Seymour	Paul Seymour	1928-01-30 00:00:00	Toledo, Ohio	Woodward in Toledo, Ohio	University of Toledo	8年 4支球队 6次进入季后赛	512场 271胜241负 胜率52.9%	35场 14胜21负 胜率40.0%	0次	0个	暂无信息
251	http://www.stat-nba.com/coach/251.html	B	比尔-沙尔曼	Bill Sharman	1926-05-25 00:00:00	Abilene, Texas	Porterville in Porterville, California	University of Southern California	7年 2支球队 5次进入季后赛	573场 333胜240负 胜率58.1%	62场 35胜27负 胜率56.5%	3次	1个	1次 (71-72赛季)
252	http://www.stat-nba.com/coach/252.html	B	布莱恩-肖	Brian Shaw	1966-03-22 00:00:00	Oakland, California	Bishop O'Dowd in Oakland, California	University of California, Santa Barbara	2年 1支球队 0次进入季后赛	141场 56胜85负 胜率39.7%	0场	0次	0个	暂无信息
253	http://www.stat-nba.com/coach/253.html	C	Charley Shipp	Charley Shipp	1913-12-03 00:00:00	暂无信息	Cathedral in Indianapolis, Indiana	Catholic University of America	1年 1支球队 0次进入季后赛	35场 8胜27负 胜率22.9%	0场	0次	0个	暂无信息
254	http://www.stat-nba.com/coach/254.html	G	吉恩-苏	Gene Shue	1931-12-18 00:00:00	Baltimore, Maryland	Towson Catholic in Towson, Maryland	University of Maryland	22年 5支球队 10次进入季后赛	1645场 784胜861负 胜率47.7%	77场 30胜47负 胜率39.0%	2次	0个	2次 (68-69,81-82赛季)
255	http://www.stat-nba.com/coach/255.html	P	Paul Silas	Paul Silas	1943-07-12 00:00:00	Prescott, Arizona	McClymonds in Oakland, California	Creighton University	12年 5支球队 4次进入季后赛	875场 387胜488负 胜率44.2%	29场 13胜16负 胜率44.8%	0次	0个	暂无信息
256	http://www.stat-nba.com/coach/256.html	S	斯科特-斯凯尔斯	Scott Skiles	1964-03-05 00:00:00	LaPorte, Indiana	Plymouth in Plymouth, Indiana	Michigan State University	14年 4支球队 6次进入季后赛	958场 478胜480负 胜率49.9%	42场 18胜24负 胜率42.9%	0次	0个	暂无信息
257	http://www.stat-nba.com/coach/257.html	J	杰里-斯隆	Jerry Sloan	1942-03-28 00:00:00	McLeansboro, Illinois	McLeansboro in McLeansboro, Illinois	University of Evansville	26年 2支球队 20次进入季后赛	2024场 1221胜803负 胜率60.3%	202场 98胜104负 胜率48.5%	2次	0个	暂无信息
258	http://www.stat-nba.com/coach/258.html	K	Keith Smart	Keith Smart	1964-09-21 00:00:00	Baton Rouge, Louisiana	McKinley in Baton Rouge, Louisiana	Indiana University	4年 3支球队 0次进入季后赛	263场 93胜170负 胜率35.4%	0场	0次	0个	暂无信息
259	http://www.stat-nba.com/coach/259.html	J	Jack Smiley	Jack Smiley	1922-12-22 00:00:00	暂无信息	Waterman in Waterman, Illinois	University of Illinois at Urbana-Champaign	1年 1支球队 0次进入季后赛	27场 11胜16负 胜率40.7%	0场	0次	0个	暂无信息
26	http://www.stat-nba.com/coach/26.html	V	文斯-博里拉	Vince Boryla	1927-03-11 00:00:00	East Chicago, Indiana	Washington in East Chicago, Indiana	University of Denver	3年 1支球队 0次进入季后赛	165场 80胜85负 胜率48.5%	0场	0次	0个	暂无信息
261	http://www.stat-nba.com/coach/261.html	E	埃里克-斯波尔斯特拉	Erik Spoelstra	1970-11-01 00:00:00	暂无信息	Jesuit	Portland	10年 1支球队 8次进入季后赛	804场 484胜320负 胜率60.2%	118场 71胜47负 胜率60.2%	4次	2个	暂无信息
262	http://www.stat-nba.com/coach/262.html	G	Garry St. Jean	Garry St. Jean		暂无信息	暂无信息	暂无信息	6年 2支球队 1次进入季后赛	450场 172胜278负 胜率38.2%	4场 1胜3负 胜率25.0%	0次	0个	暂无信息
263	http://www.stat-nba.com/coach/263.html	B	鲍勃-斯塔克	Bob Staak		暂无信息	暂无信息	暂无信息	1年 1支球队 0次进入季后赛	1场 0胜1负 胜率0.0%	0场	0次	0个	暂无信息
264	http://www.stat-nba.com/coach/264.html	L	Larry Staverman	Larry Staverman	1936-10-11 00:00:00	暂无信息	Newport Catholic in Newport, Kentucky	Thomas More College	1年 1支球队 0次进入季后赛	45场 18胜27负 胜率40.0%	0场	0次	0个	暂无信息
265	http://www.stat-nba.com/coach/265.html	B	布拉德-史蒂文斯	Brad Stevens	1976-10-22 00:00:00	Indianapolis, Indiana	Zionsville Community in Zionsville, Indiana	DePauw University	5年 1支球队 4次进入季后赛	410场 221胜189负 胜率53.9%	44场 21胜23负 胜率47.7%	0次	0个	暂无信息
266	http://www.stat-nba.com/coach/266.html	T	特里-斯托特斯	Terry Stotts	1957-11-25 00:00:00	Cedar Falls, Iowa	Bloomington North in Bloomington, Indiana	University of Oklahoma	10年 3支球队 6次进入季后赛	775场 387胜388负 胜率49.9%	40场 12胜28负 胜率30.0%	0次	0个	暂无信息
267	http://www.stat-nba.com/coach/267.html	K	Ken Suesens	Ken Suesens	1916-10-23 00:00:00	暂无信息	暂无信息	暂无信息	1年 1支球队 1次进入季后赛	62场 22胜40负 胜率35.5%	3场 1胜2负 胜率33.3%	0次	0个	暂无信息
268	http://www.stat-nba.com/coach/268.html	E	Ed Tapscott	Ed Tapscott		暂无信息	暂无信息	暂无信息	1年 1支球队 0次进入季后赛	71场 18胜53负 胜率25.4%	0场	0次	0个	暂无信息
269	http://www.stat-nba.com/coach/269.html	J	Jerry Tarkanian	Jerry Tarkanian		暂无信息	暂无信息	暂无信息	1年 1支球队 0次进入季后赛	20场 9胜11负 胜率45.0%	0场	0次	0个	暂无信息
27	http://www.stat-nba.com/coach/27.html	J	Jeff Bower	Jeff Bower	1961-04-26 00:00:00	暂无信息	暂无信息	暂无信息	1年 1支球队 0次进入季后赛	73场 34胜39负 胜率46.6%	0场	0次	0个	暂无信息
270	http://www.stat-nba.com/coach/270.html	R	雷杰-瑟乌斯	Reggie Theus	1957-10-13 00:00:00	Inglewood, California	Inglewood in Inglewood, California	University of Nevada, Las Vegas	2年 1支球队 0次进入季后赛	106场 44胜62负 胜率41.5%	0场	0次	0个	暂无信息
271	http://www.stat-nba.com/coach/271.html	T	汤姆-希伯杜	Tom Thibodeau	1958-01-17 00:00:00	New Britain, Connecticut	暂无信息	暂无信息	7年 2支球队 6次进入季后赛	558场 333胜225负 胜率59.7%	56场 24胜32负 胜率42.9%	0次	0个	1次 (10-11赛季)
272	http://www.stat-nba.com/coach/272.html	I	伊塞亚-托马斯	Isiah Thomas	1961-04-30 00:00:00	Chicago, Illinois	St. Joseph in Westchester, Illinois	Indiana University	5年 2支球队 3次进入季后赛	410场 187胜223负 胜率45.6%	15场 5胜10负 胜率33.3%	0次	0个	暂无信息
273	http://www.stat-nba.com/coach/273.html	R	罗德-索恩	Rod Thorn	1941-05-23 00:00:00	Princeton, West Virginia	Princeton in Princeton, West Virginia	West Virginia University	1年 1支球队 0次进入季后赛	30场 15胜15负 胜率50.0%	0场	0次	0个	暂无信息
274	http://www.stat-nba.com/coach/274.html	J	Jim Todd	Jim Todd		暂无信息	暂无信息	暂无信息	1年 1支球队 0次进入季后赛	37场 4胜33负 胜率10.8%	0场	0次	0个	暂无信息
275	http://www.stat-nba.com/coach/275.html	R	Rolland Todd	Rolland Todd		暂无信息	暂无信息	暂无信息	2年 1支球队 0次进入季后赛	138场 41胜97负 胜率29.7%	0场	0次	0个	暂无信息
276	http://www.stat-nba.com/coach/276.html	M	Mike Todorovich	Mike Todorovich	1923-06-11 00:00:00	暂无信息	Soldan in St. Louis, Missouri	University of Wyoming	1年 1支球队 0次进入季后赛	42场 14胜28负 胜率33.3%	0场	0次	0个	暂无信息
277	http://www.stat-nba.com/coach/277.html	R	鲁迪-汤姆贾诺维奇	Rudy Tomjanovich	1948-11-24 00:00:00	Hamtramck, Michigan	Hamtramck in Hamtramck, Michigan	University of Michigan	13年 2支球队 7次进入季后赛	943场 527胜416负 胜率55.9%	90场 51胜39负 胜率56.7%	2次	2个	暂无信息
278	http://www.stat-nba.com/coach/278.html	G	Gene Tormohlen	Gene Tormohlen	1937-05-12 00:00:00	暂无信息	Holland in Holland, Indiana	University of Tennessee	1年 1支球队 0次进入季后赛	8场 1胜7负 胜率12.5%	0场	0次	0个	暂无信息
279	http://www.stat-nba.com/coach/279.html	J	简-特里亚诺	Jay Triano	1958-09-21 00:00:00	Tillsonburg, Ontario	暂无信息	Simon Fraser	4年 2支球队 0次进入季后赛	308场 108胜200负 胜率35.1%	0场	0次	0个	暂无信息
28	http://www.stat-nba.com/coach/28.html	J	Jim Boylan	Jim Boylan		暂无信息	暂无信息	Marquette University	2年 2支球队 1次进入季后赛	106场 46胜60负 胜率43.4%	4场 0胜4负 胜率0.0%	0次	0个	暂无信息
280	http://www.stat-nba.com/coach/280.html	W	韦斯-昂塞尔德	Wes Unseld	1946-03-14 00:00:00	Louisville, Kentucky	Seneca in Louisville, Kentucky	University of Louisville	7年 1支球队 1次进入季后赛	547场 202胜345负 胜率36.9%	5场 2胜3负 胜率40.0%	0次	0个	暂无信息
281	http://www.stat-nba.com/coach/281.html	D	迪克-范阿斯戴尔	Dick Van Arsdale	1943-02-22 00:00:00	Indianapolis, Indiana	Manual in Indianapolis, Indiana	Indiana University	1年 1支球队 0次进入季后赛	26场 14胜12负 胜率53.8%	0场	0次	0个	暂无信息
282	http://www.stat-nba.com/coach/282.html	B	布奇-范布雷德-考尔夫	Butch Van Breda Kolff	1922-10-28 00:00:00	Glen Ridge, New Jersey	暂无信息	New York University	9年 4支球队 2次进入季后赛	519场 266胜253负 胜率51.3%	33场 21胜12负 胜率63.6%	2次	0个	暂无信息
283	http://www.stat-nba.com/coach/283.html	J	杰夫-范甘迪	Jeff Van Gundy	1962-01-19 00:00:00	Hemet, California	Brockport in Brockport, New York	Nazareth College	11年 2支球队 9次进入季后赛	748场 430胜318负 胜率57.5%	88场 44胜44负 胜率50.0%	1次	0个	暂无信息
284	http://www.stat-nba.com/coach/284.html	S	斯坦-范甘迪	Stan Van Gundy	1959-08-26 00:00:00	Indio, California	Alhambra in Martinez, California	State University of New York at Brockport	12年 3支球队 8次进入季后赛	907场 523胜384负 胜率57.7%	91场 48胜43负 胜率52.7%	1次	0个	暂无信息
285	http://www.stat-nba.com/coach/285.html	K	奇奇-范德维奇	Kiki Vandeweghe	1958-08-01 00:00:00	Wiesbaden, Germany	Pacific Palisades in Pacific Palisades, California	University of California, Los Angeles	1年 1支球队 0次进入季后赛	64场 12胜52负 胜率18.8%	0场	0次	0个	暂无信息
286	http://www.stat-nba.com/coach/286.html	J	杰奎-沃恩	Jacque Vaughn	1975-02-11 00:00:00	Los Angeles, California	John Muir in Pasadena, California	University of Kansas	3年 1支球队 0次进入季后赛	216场 58胜158负 胜率26.9%	0场	0次	0个	暂无信息
287	http://www.stat-nba.com/coach/287.html	D	Dick Versace	Dick Versace		暂无信息	暂无信息	暂无信息	3年 1支球队 1次进入季后赛	160场 73胜87负 胜率45.6%	3场 0胜3负 胜率0.0%	0次	0个	暂无信息
288	http://www.stat-nba.com/coach/288.html	S	萨姆-文森特	Sam Vincent	1963-05-18 00:00:00	Lansing, Michigan	Eastern in Lansing, Michigan	Michigan State University	1年 1支球队 0次进入季后赛	82场 32胜50负 胜率39.0%	0场	0次	0个	暂无信息
289	http://www.stat-nba.com/coach/289.html	D	Dick Vitale	Dick Vitale	1939-06-09 00:00:00	Passaic, New Jersey	暂无信息	Seton Hall University	2年 1支球队 0次进入季后赛	94场 34胜60负 胜率36.2%	0场	0次	0个	暂无信息
29	http://www.stat-nba.com/coach/29.html	C	卡尔-布劳恩	Carl Braun	1927-09-25 00:00:00	Brooklyn, New York	Garden City in Garden City, New York	Colgate University	2年 1支球队 0次进入季后赛	127场 40胜87负 胜率31.5%	0场	0次	0个	暂无信息
290	http://www.stat-nba.com/coach/290.html	F	弗兰克-沃格尔	Frank Vogel		暂无信息	暂无信息	暂无信息	8年 2支球队 5次进入季后赛	595场 304胜291负 胜率51.1%	61场 31胜30负 胜率50.8%	0次	0个	暂无信息
291	http://www.stat-nba.com/coach/291.html	D	达内尔-沃克	Darrell Walker	1961-03-09 00:00:00	Chicago, Illinois	Corliss in Chicago, Illinois	University of Arkansas	3年 2支球队 0次进入季后赛	169场 56胜113负 胜率33.1%	0场	0次	0个	暂无信息
292	http://www.stat-nba.com/coach/292.html	D	Donnie Walsh	Donnie Walsh	1941-03-01 00:00:00	New York, New York	Fordham Preparatory School in Bronx, New York	University of North Carolina	3年 1支球队 1次进入季后赛	142场 60胜82负 胜率42.3%	3场 1胜2负 胜率33.3%	0次	0个	暂无信息
293	http://www.stat-nba.com/coach/293.html	B	鲍比-温泽尔	Bobby Wanzer	1921-06-04 00:00:00	Brooklyn, New York	Benjamin Franklin in New York, New York	Seton Hall University	4年 2支球队 1次进入季后赛	234场 98胜136负 胜率41.9%	2场 0胜2负 胜率0.0%	0次	0个	暂无信息
294	http://www.stat-nba.com/coach/294.html	B	鲍伯-维斯	Bob Weiss	1942-05-07 00:00:00	Easton, Pennsylvania	Athens Area in Athens, Pennsylvania	Pennsylvania State University	7年 4支球队 3次进入季后赛	522场 223胜299负 胜率42.7%	11场 2胜9负 胜率18.2%	0次	0个	暂无信息
295	http://www.stat-nba.com/coach/295.html	J	杰里-韦斯特	Jerry West	1938-05-28 00:00:00	Chelyan, West Virginia	East Bank in East Bank, West Virginia	West Virginia University	3年 1支球队 3次进入季后赛	246场 145胜101负 胜率58.9%	22场 8胜14负 胜率36.4%	0次	0个	暂无信息
296	http://www.stat-nba.com/coach/296.html	P	Paul Westhead	Paul Westhead	1939-02-21 00:00:00	Philadelphia, Pennsylvania	暂无信息	暂无信息	6年 3支球队 2次进入季后赛	407场 183胜224负 胜率45.0%	19场 13胜6负 胜率68.4%	1次	1个	暂无信息
297	http://www.stat-nba.com/coach/297.html	P	保罗-韦斯特法尔	Paul Westphal	1950-11-30 00:00:00	Torrance, California	Aviation in Redondo Beach, California	University of Southern California	10年 3支球队 4次进入季后赛	597场 318胜279负 胜率53.3%	49场 27胜22负 胜率55.1%	1次	0个	暂无信息
298	http://www.stat-nba.com/coach/298.html	J	约翰-维特泽尔	John Wetzel	1944-10-22 00:00:00	Waynesboro, Virginia	Wilson Memorial in Fisherville, Virginia	Virginia Polytechnic Institute and State University	1年 1支球队 0次进入季后赛	82场 28胜54负 胜率34.1%	0场	0次	0个	暂无信息
299	http://www.stat-nba.com/coach/299.html	L	兰尼-威尔肯斯	Lenny Wilkens	1937-10-28 00:00:00	Brooklyn, New York	Boys in Brooklyn, New York	Providence College	32年 6支球队 20次进入季后赛	2487场 1332胜1155负 胜率53.6%	178场 80胜98负 胜率44.9%	3次	1个	1次 (93-94赛季)
3	http://www.stat-nba.com/coach/3.html	D	丹尼-安吉	Danny Ainge	1959-03-17 00:00:00	Eugene, Oregon	Eugene in North Eugene, Oregon	Brigham Young University	4年 1支球队 3次进入季后赛	226场 136胜90负 胜率60.2%	12场 3胜9负 胜率25.0%	0次	0个	暂无信息
30	http://www.stat-nba.com/coach/30.html	A	阿兰-布里斯托	Allan Bristow	1951-08-23 00:00:00	Richmond, Virginia	Henrico in Richmond, Virginia	Virginia Polytechnic Institute and State University	5年 1支球队 2次进入季后赛	410场 207胜203负 胜率50.5%	13场 5胜8负 胜率38.5%	0次	0个	暂无信息
300	http://www.stat-nba.com/coach/300.html	H	赫伯-威廉姆斯	Herb Williams	1958-02-16 00:00:00	Columbus, Ohio	Marion Franklin in Columbus, Ohio	Ohio State University	2年 1支球队 0次进入季后赛	44场 17胜27负 胜率38.6%	0场	0次	0个	暂无信息
301	http://www.stat-nba.com/coach/301.html	M	蒙蒂-威廉姆斯	Monty Williams	1971-10-08 00:00:00	Fredericksburg, Virginia	Potomac in Oxon Hill, Maryland	University of Notre Dame	5年 1支球队 2次进入季后赛	394场 173胜221负 胜率43.9%	10场 2胜8负 胜率20.0%	0次	0个	暂无信息
302	http://www.stat-nba.com/coach/302.html	T	Tex Winter	Tex Winter		暂无信息	暂无信息	暂无信息	2年 1支球队 0次进入季后赛	129场 51胜78负 胜率39.5%	0场	0次	0个	暂无信息
303	http://www.stat-nba.com/coach/303.html	B	布莱恩-温特斯	Brian Winters	1952-03-01 00:00:00	Rockaway, New York	Archbishop Molloy in Jamaica, New York	University of South Carolina	3年 2支球队 0次进入季后赛	184场 36胜148负 胜率19.6%	0场	0次	0个	暂无信息
304	http://www.stat-nba.com/coach/304.html	R	兰迪-惠特曼	Randy Wittman	1959-10-28 00:00:00	Indianapolis, Indiana	Ben Davis in Indianapolis, Indiana	Indiana University	10年 3支球队 2次进入季后赛	684场 278胜406负 胜率40.6%	21场 12胜9负 胜率57.1%	0次	0个	暂无信息
305	http://www.stat-nba.com/coach/305.html	D	达夫-瓦欧	Dave Wohl	1949-11-02 00:00:00	Flushing, New York	East Brunswick in East Brunswick, New Jersey	University of Pennsylvania	3年 1支球队 1次进入季后赛	179场 65胜114负 胜率36.3%	3场 0胜3负 胜率0.0%	0次	0个	暂无信息
306	http://www.stat-nba.com/coach/306.html	C	夏尔-沃尔夫	Charles Wolf		暂无信息	暂无信息	暂无信息	5年 2支球队 2次进入季后赛	330场 143胜187负 胜率43.3%	16场 7胜9负 胜率43.8%	1次	0个	暂无信息
307	http://www.stat-nba.com/coach/307.html	M	迈克-伍德森	Mike Woodson	1958-03-24 00:00:00	Indianapolis, Indiana	Broad Ripple in Indianapolis, Indiana	Indiana University	9年 2支球队 5次进入季后赛	680场 315胜365负 胜率46.3%	46场 18胜28负 胜率39.1%	0次	0个	暂无信息
308	http://www.stat-nba.com/coach/308.html	D	Draff Young	Draff Young		暂无信息	暂无信息	暂无信息	1年 1支球队 0次进入季后赛	4场 0胜4负 胜率0.0%	0场	0次	0个	暂无信息
309	http://www.stat-nba.com/coach/309.html	D	德里克-费舍尔	Derek Fisher	1974-08-09 00:00:00	阿肯色州小石城	Parkview in Little Rock, Arkansas	University of Arkansas at Little Rock	2年 1支球队 0次进入季后赛	136场 40胜96负 胜率29.4%	0场	0次	0个	暂无信息
31	http://www.stat-nba.com/coach/31.html	S	斯科特-布鲁克斯	Scott Brooks	1965-07-31 00:00:00	French Camp, California	East Union in Manteca, California	University of California, Irvine	9年 2支球队 7次进入季后赛	709场 430胜279负 胜率60.6%	92场 48胜44负 胜率52.2%	1次	0个	1次 (09-10赛季)
310	http://www.stat-nba.com/coach/310.html	S	斯蒂夫-科尔	Steve Kerr	1965-09-27 00:00:00	黎巴嫩贝鲁特	Pacific Palisades in Pacific Palisades	University of Arizona	4年 1支球队 4次进入季后赛	328场 265胜63负 胜率80.8%	76场 57胜19负 胜率75.0%	3次	2个	1次 (15-16赛季)
311	http://www.stat-nba.com/coach/311.html	D	大卫-布拉特	David Blatt	1959-05-22 00:00:00	Boston, Massachusetts	Framingham South	Princeton	2年 1支球队 1次进入季后赛	123场 83胜40负 胜率67.5%	20场 14胜6负 胜率70.0%	1次	0个	暂无信息
312	http://www.stat-nba.com/coach/312.html	Q	昆因-施耐德	Quin Snyder	1966-10-30 00:00:00	Mercer Island, Washington	Mercer Island	暂无信息	4年 1支球队 2次进入季后赛	328场 177胜151负 胜率54.0%	22场 9胜13负 胜率40.9%	0次	0个	暂无信息
313	http://www.stat-nba.com/coach/313.html	J	詹姆斯-柏瑞格	James Borrego		Albuquerque, New Mexico	Albuquerque Academy	San Diego	1年 1支球队 0次进入季后赛	30场 10胜20负 胜率33.3%	0场	0次	0个	暂无信息
314	http://www.stat-nba.com/coach/314.html	M	梅尔文-亨特	Melvin Hunt	1969-12-15 00:00:00	暂无信息	暂无信息	Baylor University	1年 1支球队 0次进入季后赛	23场 10胜13负 胜率43.5%	0场	0次	0个	暂无信息
315	http://www.stat-nba.com/coach/315.html	F	弗雷德-霍伊博格	Fred Hoiberg	1972-10-15 00:00:00	Lincoln, Nebraska	暂无信息	Iowa State University	3年 1支球队 1次进入季后赛	246场 110胜136负 胜率44.7%	6场 2胜4负 胜率33.3%	0次	0个	暂无信息
316	http://www.stat-nba.com/coach/316.html	B	比利-多诺万	Billy Donovan	1965-05-30 00:00:00	纽约州洛克维尔中心	Saint Agnes in Rockville Centre, New York	Providence College	3年 1支球队 3次进入季后赛	246场 150胜96负 胜率61.0%	29场 14胜15负 胜率48.3%	0次	0个	暂无信息
317	http://www.stat-nba.com/coach/317.html	J	JB-比克斯塔夫	J.B. Bickerstaff	1979-03-10 00:00:00	Denver, Colorado	暂无信息	University of Minnesota	2年 2支球队 1次进入季后赛	134场 52胜82负 胜率38.8%	5场 1胜4负 胜率20.0%	0次	0个	暂无信息
318	http://www.stat-nba.com/coach/318.html	T	托尼-布朗	Tony Brown	1960-07-29 00:00:00	伊利诺伊州 芝加哥	Farragut Career Academy in Chicago	University of Arkansas	1年 1支球队 0次进入季后赛	45场 11胜34负 胜率24.4%	0场	0次	0个	暂无信息
319	http://www.stat-nba.com/coach/319.html	T	泰伦-卢	Tyronn Lue	1977-05-03 00:00:00	密苏里州墨西哥	Raytown in Kansas City, Missouri	University of Nebraska	3年 1支球队 3次进入季后赛	196场 120胜76负 胜率61.2%	54场 39胜15负 胜率72.2%	2次	1个	暂无信息
32	http://www.stat-nba.com/coach/32.html	J	Jim Brovelli	Jim Brovelli	1942-04-15 00:00:00	暂无信息	暂无信息	University of San Francisco	1年 1支球队 0次进入季后赛	18场 5胜13负 胜率27.8%	0场	0次	0个	暂无信息
320	http://www.stat-nba.com/coach/320.html	E	厄尔-沃特森	Earl Watson	1979-06-12 00:00:00	堪萨斯州堪萨斯城	Washington in Kansas City, Kansas	University of California, Los Angeles	3年 1支球队 0次进入季后赛	118场 33胜85负 胜率28.0%	0场	0次	0个	暂无信息
321	http://www.stat-nba.com/coach/321.html	K	肯宁-阿特金森	Kenny Atkinson	1967-06-02 00:00:00	Huntington, NY	暂无信息	暂无信息	2年 1支球队 0次进入季后赛	164场 48胜116负 胜率29.3%	0场	0次	0个	暂无信息
322	http://www.stat-nba.com/coach/322.html	L	卢克-沃顿	Luke Walton	1980-03-28 00:00:00	加州圣地亚哥	University in San Diego, California	University of Arizona	2年 1支球队 0次进入季后赛	164场 61胜103负 胜率37.2%	0场	0次	0个	暂无信息
323	http://www.stat-nba.com/coach/323.html	D	大卫-费兹戴尔	David Fizdale	1974-06-06 00:00:00	Los Angeles, California	John C. Fremont	San Diego	2年 1支球队 1次进入季后赛	101场 50胜51负 胜率49.5%	6场 2胜4负 胜率33.3%	0次	0个	暂无信息
325	http://www.stat-nba.com/coach/325.html	J	乔-普拉蒂	Joe Prunty	1969-02-12 00:00:00	Sunnyvale, California	Fremont	Cal Poly San Luis Obispo	1年 1支球队 1次进入季后赛	37场 21胜16负 胜率56.8%	7场 3胜4负 胜率42.9%	0次	0个	暂无信息
33	http://www.stat-nba.com/coach/33.html	B	布雷特-布朗	Brett Brown		暂无信息	South Portland in South Portland, Maine	Boston University	5年 1支球队 1次进入季后赛	410场 127胜283负 胜率31.0%	10场 5胜5负 胜率50.0%	0次	0个	暂无信息
34	http://www.stat-nba.com/coach/34.html	H	Herb Brown	Herb Brown	1936-03-14 00:00:00	暂无信息	暂无信息	University of Vermont	3年 1支球队 2次进入季后赛	146场 72胜74负 胜率49.3%	12场 5胜7负 胜率41.7%	0次	0个	暂无信息
35	http://www.stat-nba.com/coach/35.html	H	胡比-布朗	Hubie Brown	1933-09-25 00:00:00	Hazleton, Pennsylvania	Saint Mary's in Elizabeth, New Jersey	Niagara University	13年 3支球队 6次进入季后赛	919场 424胜495负 胜率46.1%	38场 14胜24负 胜率36.8%	0次	0个	2次 (77-78,03-04赛季)
36	http://www.stat-nba.com/coach/36.html	L	拉里-布朗	Larry Brown	1940-09-14 00:00:00	Brooklyn, New York	Long Beach in Long Beach, New York	University of North Carolina	27年 9支球队 18次进入季后赛	2002场 1098胜904负 胜率54.8%	193场 100胜93负 胜率51.8%	3次	1个	1次 (00-01赛季)
37	http://www.stat-nba.com/coach/37.html	M	迈克-布朗	Mike Brown	1970-03-05 00:00:00	Columbus, Ohio	Wurzburg American in Wurzburg, Germany	University of San Diego	8年 2支球队 6次进入季后赛	563场 347胜216负 胜率61.6%	83场 47胜36负 胜率56.6%	1次	0个	1次 (08-09赛季)
38	http://www.stat-nba.com/coach/38.html	P	Philip Brownstein	Philip Brownstein	1906-05-17 00:00:00	暂无信息	暂无信息	University of Illinois at Urbana-Champaign	1年 1支球队 1次进入季后赛	68场 40胜28负 胜率58.8%	2场 0胜2负 胜率0.0%	0次	0个	暂无信息
39	http://www.stat-nba.com/coach/39.html	Q	奎因-巴克纳	Quinn Buckner	1954-08-20 00:00:00	Phoenix, Illinois	Thornridge in Dolton, Illinois	Indiana University	1年 1支球队 0次进入季后赛	82场 13胜69负 胜率15.9%	0场	0次	0个	暂无信息
4	http://www.stat-nba.com/coach/4.html	S	Stan Albeck	Stan Albeck	1931-05-17 00:00:00	暂无信息	暂无信息	Bradley University	7年 4支球队 6次进入季后赛	574场 307胜267负 胜率53.5%	44场 18胜26负 胜率40.9%	0次	0个	暂无信息
40	http://www.stat-nba.com/coach/40.html	B	Bucky Buckwalter	Bucky Buckwalter	1933-11-22 00:00:00	暂无信息	La Grande in La Grande, Oregon	暂无信息	1年 1支球队 0次进入季后赛	37场 13胜24负 胜率35.1%	0场	0次	0个	暂无信息
41	http://www.stat-nba.com/coach/41.html	M	迈克-布登霍泽	Mike Budenholzer	1969-08-06 00:00:00	暂无信息	暂无信息	Pomona College	5年 1支球队 4次进入季后赛	410场 213胜197负 胜率52.0%	39场 17胜22负 胜率43.6%	0次	0个	1次 (14-15赛季)
42	http://www.stat-nba.com/coach/42.html	W	Walt Budko	Walt Budko	1925-07-30 00:00:00	Brooklyn, New York	Trinity School in New York, New York	Columbia University	1年 1支球队 0次进入季后赛	29场 10胜19负 胜率34.5%	0场	0次	0个	暂无信息
43	http://www.stat-nba.com/coach/43.html	D	唐尼-布彻	Donnie Butcher	1936-02-08 00:00:00	Williamsport, Kentucky	Meade in Williamsport, Kentucky	Pikeville College	3年 1支球队 1次进入季后赛	112场 52胜60负 胜率46.4%	6场 2胜4负 胜率33.3%	0次	0个	暂无信息
44	http://www.stat-nba.com/coach/44.html	J	Jeff Bzdelik	Jeff Bzdelik	1952-12-01 00:00:00	暂无信息	暂无信息	University of Illinois at Chicago	3年 1支球队 1次进入季后赛	192场 73胜119负 胜率38.0%	5场 1胜4负 胜率20.0%	0次	0个	暂无信息
45	http://www.stat-nba.com/coach/45.html	J	John Calipari	John Calipari	1959-02-10 00:00:00	Moon Township, Pennsylvania	暂无信息	Clarion University of Pennsylvania	3年 1支球队 1次进入季后赛	184场 72胜112负 胜率39.1%	3场 0胜3负 胜率0.0%	0次	0个	暂无信息
46	http://www.stat-nba.com/coach/46.html	M	马克-卡尔文	Mack Calvin	1947-07-27 00:00:00	Fort Worth, Texas	Long Beach Polytechnic in Long Beach, California	University of Southern California	1年 1支球队 0次进入季后赛	2场 1胜1负 胜率50.0%	0场	0次	0个	暂无信息
47	http://www.stat-nba.com/coach/47.html	K	Kaleb Canales	Kaleb Canales	1978-01-01 00:00:00	edo, Texas	John B. Alexander in Laredo, Texas	University of Texas at Arlington	1年 1支球队 0次进入季后赛	23场 8胜15负 胜率34.8%	0场	0次	0个	暂无信息
48	http://www.stat-nba.com/coach/48.html	P	P-J-卡勒西莫	P.J. Carlesimo	1949-05-30 00:00:00	暂无信息	暂无信息	暂无信息	9年 5支球队 4次进入季后赛	554场 239胜315负 胜率43.1%	19场 6胜13负 胜率31.6%	0次	0个	暂无信息
49	http://www.stat-nba.com/coach/49.html	R	里克-卡莱尔	Rick Carlisle	1959-10-27 00:00:00	Ogdensburg, New York	Lisbon Central in Lisbon, New York	University of Virginia	16年 3支球队 12次进入季后赛	1296场 718胜578负 胜率55.4%	120场 58胜62负 胜率48.3%	1次	1个	1次 (01-02赛季)
50	http://www.stat-nba.com/coach/50.html	M	M-L-凯尔	M.L. Carr	1951-01-09 00:00:00	Wallace, North Carolina	Wallace Rose Hill in Teachey, North Carolina	Guilford College	2年 1支球队 0次进入季后赛	164场 48胜116负 胜率29.3%	0场	0次	0个	暂无信息
51	http://www.stat-nba.com/coach/51.html	J	约翰-卡罗尔	John Carroll		暂无信息	暂无信息	暂无信息	1年 1支球队 1次进入季后赛	36场 14胜22负 胜率38.9%	4场 0胜4负 胜率0.0%	0次	0个	暂无信息
52	http://www.stat-nba.com/coach/52.html	B	布奇-卡特	Butch Carter	1958-06-11 00:00:00	Springfield, Ohio	Middletown in Middletown, Ohio	Indiana University	3年 1支球队 1次进入季后赛	165场 73胜92负 胜率44.2%	3场 0胜3负 胜率0.0%	0次	0个	暂无信息
53	http://www.stat-nba.com/coach/53.html	F	弗莱德-卡特	Fred Carter	1945-02-14 00:00:00	Philadelphia, Pennsylvania	暂无信息	Mount St. Mary's University	2年 1支球队 0次进入季后赛	108场 32胜76负 胜率29.6%	0场	0次	0个	暂无信息
54	http://www.stat-nba.com/coach/54.html	B	比尔-卡特赖特	Bill Cartwright	1957-07-30 00:00:00	Lodi, California	Elk Grove in Elk Grove, California	University of San Francisco	3年 1支球队 0次进入季后赛	151场 51胜100负 胜率33.8%	0场	0次	0个	暂无信息
55	http://www.stat-nba.com/coach/55.html	D	Don Casey	Don Casey		暂无信息	暂无信息	暂无信息	4年 2支球队 0次进入季后赛	238场 85胜153负 胜率35.7%	0场	0次	0个	暂无信息
56	http://www.stat-nba.com/coach/56.html	D	德维恩-凯西	Dwane Casey	1957-04-17 00:00:00	Morganfield, Kentucky	暂无信息	University of Kentucky	9年 2支球队 5次进入季后赛	680场 373胜307负 胜率54.9%	51场 21胜30负 胜率41.2%	0次	0个	暂无信息
57	http://www.stat-nba.com/coach/57.html	J	约翰-卡斯特莱纳	John Castellani		暂无信息	暂无信息	暂无信息	1年 1支球队 0次进入季后赛	36场 11胜25负 胜率30.6%	0场	0次	0个	暂无信息
58	http://www.stat-nba.com/coach/58.html	A	艾尔-塞尔维	Al Cervi	1917-02-12 00:00:00	Buffalo, New York	East in Buffalo, New York	暂无信息	9年 2支球队 7次进入季后赛	567场 326胜241负 胜率57.5%	59场 33胜26负 胜率55.9%	4次	2个	暂无信息
59	http://www.stat-nba.com/coach/59.html	D	唐-切尼	Don Chaney	1946-03-22 00:00:00	Baton Rouge, Louisiana	McKinley in Baton Rouge, Louisiana	University of Houston	12年 4支球队 3次进入季后赛	831场 337胜494负 胜率40.6%	11场 2胜9负 胜率18.2%	0次	0个	1次 (90-91赛季)
6	http://www.stat-nba.com/coach/6.html	A	阿尔-阿特尔斯	Al Attles	1936-11-07 00:00:00	Newark, New Jersey	Weequahic in Newark, New Jersey	North Carolina Agricultural and Technical State University	14年 2支球队 6次进入季后赛	1075场 557胜518负 胜率51.8%	61场 31胜30负 胜率50.8%	1次	1个	暂无信息
60	http://www.stat-nba.com/coach/60.html	M	莫里斯-奇克斯	Maurice Cheeks	1956-09-08 00:00:00	Chicago, Illinois	Du Sable in Chicago, Illinois	West Texas A&M University	9年 3支球队 3次进入季后赛	652场 313胜339负 胜率48.0%	16场 5胜11负 胜率31.3%	0次	0个	暂无信息
61	http://www.stat-nba.com/coach/61.html	J	吉姆-克莱蒙斯	Jim Cleamons	1949-09-13 00:00:00	Lincolnton, North Carolina	Linden McKinley in Columbus, Ohio	Ohio State University	2年 1支球队 0次进入季后赛	98场 28胜70负 胜率28.6%	0场	0次	0个	暂无信息
63	http://www.stat-nba.com/coach/63.html	S	史蒂夫-克里福德	Steve Clifford	1961-09-17 00:00:00	Island Falls, Maine	North Country Union	Maine–Farmington	5年 1支球队 2次进入季后赛	410场 196胜214负 胜率47.8%	11场 3胜8负 胜率27.3%	0次	0个	暂无信息
65	http://www.stat-nba.com/coach/65.html	J	Jerry Colangelo	Jerry Colangelo	1939-11-20 00:00:00	Chicago Heights, Illinois	Bloom Township in Chicago Heights, Illinois	University of Illinois at Urbana-Champaign	2年 1支球队 1次进入季后赛	119场 59胜60负 胜率49.6%	7场 3胜4负 胜率42.9%	0次	0个	暂无信息
66	http://www.stat-nba.com/coach/66.html	D	道格-科林斯	Doug Collins	1951-07-28 00:00:00	Christopher, Illinois	Benton in Benton, Illinois	Illinois State University	11年 4支球队 7次进入季后赛	849场 442胜407负 胜率52.1%	56场 23胜33负 胜率41.1%	0次	0个	暂无信息
67	http://www.stat-nba.com/coach/67.html	M	迈克尔-库珀	Michael Cooper	1956-04-15 00:00:00	Los Angeles, California	Pasadena in Pasadena, California	University of New Mexico	1年 1支球队 0次进入季后赛	14场 4胜10负 胜率28.6%	0场	0次	0个	暂无信息
68	http://www.stat-nba.com/coach/68.html	T	泰隆-科宾	Tyrone Corbin	1962-12-31 00:00:00	Columbia, South Carolina	A.C. Flora in Columbia, South Carolina	DePaul University	5年 2支球队 1次进入季后赛	286场 119胜167负 胜率41.6%	4场 0胜4负 胜率0.0%	0次	0个	暂无信息
69	http://www.stat-nba.com/coach/69.html	L	拉里-科斯特洛	Larry Costello	1931-07-02 00:00:00	Minoa, New York	Minoa in Minoa, New York	Niagara University	10年 2支球队 6次进入季后赛	730场 430胜300负 胜率58.9%	60场 37胜23负 胜率61.7%	2次	1个	暂无信息
7	http://www.stat-nba.com/coach/7.html	R	阿诺-奥尔巴赫	Red Auerbach	1917-09-20 00:00:00	Brooklyn, New York	Eastern District in Brooklyn, New York	George Washington University	17年 2支球队 17次进入季后赛	1249场 823胜426负 胜率65.9%	151场 91胜60负 胜率60.3%	10次	9个	1次 (64-65赛季)
70	http://www.stat-nba.com/coach/70.html	B	鲍勃-库锡	Bob Cousy	1928-08-09 00:00:00	New York, New York	Andrew Jackson in Cambria Heights, New York	College of the Holy Cross	5年 2支球队 0次进入季后赛	348场 141胜207负 胜率40.5%	0场	0次	0个	暂无信息
71	http://www.stat-nba.com/coach/71.html	D	戴夫-考恩斯	Dave Cowens	1948-10-25 00:00:00	Newport, Kentucky	Central Catholic in Newport, Kentucky	Florida State University	6年 3支球队 2次进入季后赛	352场 161胜191负 胜率45.7%	12场 4胜8负 胜率33.3%	0次	0个	暂无信息
72	http://www.stat-nba.com/coach/72.html	B	比利-康宁汉姆	Billy Cunningham	1943-06-03 00:00:00	Brooklyn, New York	Erasmus Hall in Brooklyn, New York	University of North Carolina	8年 1支球队 8次进入季后赛	650场 454胜196负 胜率69.8%	105场 66胜39负 胜率62.9%	4次	3个	暂无信息
73	http://www.stat-nba.com/coach/73.html	M	迈克尔-库里	Michael Curry	1968-08-22 00:00:00	Anniston, Alabama	Glenn Hills in Augusta, Georgia	Georgia Southern University	1年 1支球队 1次进入季后赛	82场 39胜43负 胜率47.6%	4场 0胜4负 胜率0.0%	0次	0个	暂无信息
75	http://www.stat-nba.com/coach/75.html	M	迈克-德安东尼	Mike D'Antoni	1951-05-08 00:00:00	Mullens, West Virginia	Mullens in Mullens, West Virginia	Marshall University	14年 5支球队 8次进入季后赛	1045场 575胜470负 胜率55.0%	84场 42胜42负 胜率50.0%	0次	0个	2次 (16-17,04-05赛季)
76	http://www.stat-nba.com/coach/76.html	C	查克-戴利	Chuck Daly	1930-07-20 00:00:00	Saint Mary's, Pennsylvania	Kane Area in Kane, Pennsylvania	Bloomsburg University of Pennsylvania	14年 4支球队 12次进入季后赛	1075场 638胜437负 胜率59.3%	126场 75胜51负 胜率59.5%	3次	2个	暂无信息
77	http://www.stat-nba.com/coach/77.html	M	迈尔-丹尼尔斯	Mel Daniels	1944-07-20 00:00:00	Detroit, Michigan	Pershing in Detroit, Michigan	University of New Mexico	1年 1支球队 0次进入季后赛	2场 0胜2负 胜率0.0%	0场	0次	0个	暂无信息
78	http://www.stat-nba.com/coach/78.html	J	吉米-达登	Jimmy Darden	1922-06-19 00:00:00	暂无信息	Cheyenne in Cheyenne, Wyoming	University of Denver	1年 1支球队 0次进入季后赛	62场 11胜51负 胜率17.7%	0场	0次	0个	暂无信息
79	http://www.stat-nba.com/coach/79.html	J	Johnny Davis	Johnny Davis	1955-10-21 00:00:00	Detroit, Michigan	Murray-Wright in Detroit, Michigan	University of Dayton	4年 3支球队 0次进入季后赛	219场 73胜146负 胜率33.3%	0场	0次	0个	暂无信息
8	http://www.stat-nba.com/coach/8.html	R	Randy Ayers	Randy Ayers	1956-04-16 00:00:00	Springfield, Ohio	North in Springfield, Ohio	Miami University	1年 1支球队 0次进入季后赛	52场 21胜31负 胜率40.4%	0场	0次	0个	暂无信息
80	http://www.stat-nba.com/coach/80.html	D	戴夫-德布斯切尔	Dave DeBusschere	1940-10-16 00:00:00	Detroit, Michigan	Austin Catholic in Detroit, Michigan	University of Detroit Mercy	3年 1支球队 0次进入季后赛	222场 79胜143负 胜率35.6%	0场	0次	0个	暂无信息
82	http://www.stat-nba.com/coach/82.html	V	维尼-德纳格罗	Vinny Del Negro	1966-08-09 00:00:00	Springfield, Massachusetts	Suffield Academy in Suffield, Connecticut	North Carolina State University	5年 2支球队 4次进入季后赛	394场 210胜184负 胜率53.3%	29场 10胜19负 胜率34.5%	0次	0个	暂无信息
83	http://www.stat-nba.com/coach/83.html	D	Don Delaney	Don Delaney		暂无信息	暂无信息	暂无信息	2年 1支球队 0次进入季后赛	26场 7胜19负 胜率26.9%	0场	0次	0个	暂无信息
84	http://www.stat-nba.com/coach/84.html	T	Tony DiLeo	Tony DiLeo		暂无信息	暂无信息	暂无信息	1年 1支球队 1次进入季后赛	59场 32胜27负 胜率54.2%	6场 2胜4负 胜率33.3%	0次	0个	暂无信息
85	http://www.stat-nba.com/coach/85.html	T	特里-狄辛格	Terry Dischinger	1940-11-21 00:00:00	Terre Haute, Indiana	Garfield in Terre Haute, Indiana	Purdue University	1年 1支球队 0次进入季后赛	2场 0胜2负 胜率0.0%	0场	0次	0个	暂无信息
86	http://www.stat-nba.com/coach/86.html	E	Eddie Donovan	Eddie Donovan		暂无信息	暂无信息	暂无信息	4年 1支球队 0次进入季后赛	278场 84胜194负 胜率30.2%	0场	0次	0个	暂无信息
87	http://www.stat-nba.com/coach/87.html	L	拉里-德鲁	Larry Drew	1958-04-02 00:00:00	Kansas City, Kansas	Wyandotte in Kansas City, Kansas	University of Missouri	5年 3支球队 3次进入季后赛	321场 151胜170负 胜率47.0%	24场 10胜14负 胜率41.7%	0次	0个	暂无信息
88	http://www.stat-nba.com/coach/88.html	I	Ike Duffey	Ike Duffey	1906-05-31 00:00:00	暂无信息	暂无信息	暂无信息	1年 1支球队 0次进入季后赛	3场 1胜2负 胜率33.3%	0场	0次	0个	暂无信息
89	http://www.stat-nba.com/coach/89.html	M	Mike Dunlap	Mike Dunlap	1957-05-27 00:00:00	Fairbanks, Alaska	暂无信息	Loyola Marymount University	1年 1支球队 0次进入季后赛	82场 21胜61负 胜率25.6%	0场	0次	0个	暂无信息
9	http://www.stat-nba.com/coach/9.html	J	约翰-巴赫	Johnny Bach	1924-07-10 00:00:00	Brooklyn, New York	St. John's Preparatory School in Brooklyn, New York	Fordham University	4年 1支球队 0次进入季后赛	267场 95胜172负 胜率35.6%	0场	0次	0个	暂无信息
90	http://www.stat-nba.com/coach/90.html	M	迈克-邓利维	Mike Dunleavy	1954-03-21 00:00:00	Brooklyn, New York	Nazareth Regional in Brooklyn, New York	University of South Carolina	17年 4支球队 7次进入季后赛	1329场 613胜716负 胜率46.1%	71场 38胜33负 胜率53.5%	1次	0个	1次 (98-99赛季)
91	http://www.stat-nba.com/coach/91.html	C	Charles Eckman	Charles Eckman		暂无信息	暂无信息	暂无信息	4年 2支球队 3次进入季后赛	241场 123胜118负 胜率51.0%	23场 10胜13负 胜率43.5%	2次	0个	暂无信息
92	http://www.stat-nba.com/coach/92.html	J	约翰尼-伊根	Johnny Egan	1939-01-31 00:00:00	Hartford, Connecticut	Weaver in Hartford, Connecticut	Providence College	4年 1支球队 1次进入季后赛	281场 129胜152负 胜率45.9%	8场 3胜5负 胜率37.5%	0次	0个	暂无信息
93	http://www.stat-nba.com/coach/93.html	M	Mike Evans	Mike Evans	1955-04-19 00:00:00	Goldsboro, North Carolina	Laurinburg Institute in Laurinburg, North Carolina	Kansas State University	1年 1支球队 0次进入季后赛	56场 18胜38负 胜率32.1%	0场	0次	0个	暂无信息
94	http://www.stat-nba.com/coach/94.html	M	迈克-法玛尔	Mike Farmer	1936-09-26 00:00:00	Oklahoma City, Oklahoma	Richmond in Richmond, California	University of San Francisco	1年 1支球队 0次进入季后赛	9场 1胜8负 胜率11.1%	0场	0次	0个	暂无信息
95	http://www.stat-nba.com/coach/95.html	B	鲍伯-菲里克	Bob Feerick	1920-01-02 00:00:00	San Francisco, California	Lowell in San Francisco, California	Santa Clara University	2年 2支球队 1次进入季后赛	148场 63胜85负 胜率42.6%	2场 0胜2负 胜率0.0%	0次	0个	暂无信息
96	http://www.stat-nba.com/coach/96.html	B	比尔-费奇	Bill Fitch	1934-05-19 00:00:00	Davenport, Iowa	Cedar Rapids in Cedar Rapids, Iowa	Coe College	25年 5支球队 13次进入季后赛	2050场 944胜1106负 胜率46.0%	109场 55胜54负 胜率50.5%	3次	1个	2次 (79-80,75-76赛季)
98	http://www.stat-nba.com/coach/98.html	C	科顿-菲茨西蒙斯	Cotton Fitzsimmons	1931-10-07 00:00:00	Hannibal, Missouri	Bowling Green in Bowling Green, Missouri	Midwestern State University	21年 5支球队 12次进入季后赛	1607场 832胜775负 胜率51.8%	84场 35胜49负 胜率41.7%	0次	0个	2次 (78-79,88-89赛季)
99	http://www.stat-nba.com/coach/99.html	T	Tim Floyd	Tim Floyd		暂无信息	暂无信息	暂无信息	5年 2支球队 1次进入季后赛	321场 90胜231负 胜率28.0%	7场 3胜4负 胜率42.9%	0次	0个	暂无信息
